spouts,max_spout,topology_level,netty_min_wait,message_size,bolts,$<latency
1,1,2,10,10.0,1,1.3511
1,1,2,10,10.0,2,1.3052
1,1,2,10,10.0,3,1.2069
1,1,2,10,10.0,6,1.2253
1,1,2,10,100.0,1,1.3322
1,1,2,10,100.0,2,1.3287
1,1,2,10,100.0,3,1.208
1,1,2,10,100.0,6,1.2155
1,1,2,10,1000.0,1,1.3454
1,1,2,10,1000.0,2,1.3241
1,1,2,10,1000.0,3,1.2144
1,1,2,10,1000.0,6,2.7230000000000003
1,1,2,10,10000.0,1,2.3914
1,1,2,10,10000.0,2,2.2845
1,1,2,10,10000.0,3,1.5161
1,1,2,10,10000.0,6,1.5006
1,1,2,10,100000.0,1,5.0029
1,1,2,10,100000.0,2,4.7718
1,1,2,10,100000.0,3,3.0672
1,1,2,10,100000.0,6,2.8828
1,1,2,10,1000000.0,1,28.458000000000002
1,1,2,10,1000000.0,2,27.993000000000002
1,1,2,10,1000000.0,3,17.673
1,1,2,10,1000000.0,6,19.070999999999998
1,1,2,100,10.0,1,1.3092
1,1,2,100,10.0,2,1.3161
1,1,2,100,10.0,3,1.2592
1,1,2,100,10.0,6,1.2309999999999999
1,1,2,100,100.0,1,1.3046
1,1,2,100,100.0,2,1.3069
1,1,2,100,100.0,3,1.2253
1,1,2,100,100.0,6,1.2483
1,1,2,100,1000.0,1,1.3115
1,1,2,100,1000.0,2,1.4006
1,1,2,100,1000.0,3,1.2322
1,1,2,1000,10.0,3,2.5603
1,1,2,1000,10.0,6,1.2408
1,1,2,1000,100.0,1,1.3454
1,1,2,1000,100.0,2,1.3213
1,1,2,1000,100.0,3,1.2172
1,1,2,1000,100.0,6,1.2017
1,1,2,1000,1000.0,1,1.3207
1,1,2,1000,1000.0,2,1.3224
1,1,2,1000,1000.0,3,1.2351
1,1,2,1000,1000.0,6,1.2144
1,1,2,1000,10000.0,1,2.3816
1,1,2,1000,10000.0,2,2.2494
1,1,2,1000,10000.0,3,1.5
1,1,2,1000,10000.0,6,1.5264
1,1,2,1000,100000.0,1,4.4948
1,1,2,1000,100000.0,2,4.6805
1,1,2,1000,100000.0,3,3.023
1,1,2,1000,100000.0,6,2.8943
1,1,2,1000,1000000.0,1,27.362
1,1,2,1000,1000000.0,2,28.453000000000003
1,1,2,1000,1000000.0,3,18.583
1,1,2,1000,1000000.0,6,18.345
1,1,3,10,10.0,1,1.5121
1,1,3,10,10.0,2,1.4132
1,1,3,10,10.0,3,1.4572
1,1,3,10,10.0,6,1.4422
1,1,3,10,100.0,1,1.4948
1,1,3,10,100.0,2,1.4144
1,1,3,10,100.0,3,1.4144
1,1,3,10,100.0,6,1.4653
1,1,3,10,1000.0,1,1.5678
1,1,3,10,1000.0,2,1.4172
1,1,3,10,1000.0,3,1.4638
1,1,3,10,1000.0,6,1.4763
1,1,3,10,10000.0,1,3.5282
1,1,3,10,10000.0,2,2.2466
1,1,3,10,10000.0,3,4.8202
1,1,3,10,10000.0,6,2.2277
1,1,3,10,100000.0,1,7.8448
1,1,3,10,100000.0,2,6.1983
1,1,3,10,100000.0,3,5.2471
1,1,3,10,100000.0,6,5.6977
1,1,3,10,1000000.0,1,42.326
1,1,3,10,1000000.0,2,30.641
1,1,3,10,1000000.0,3,33.897
1,1,3,10,1000000.0,6,40.951
1,1,3,100,10.0,1,1.5126
1,1,3,100,10.0,2,1.3971
1,1,3,100,10.0,3,1.4052
1,1,3,100,10.0,6,1.4532
1,1,3,100,100.0,1,1.6443
1,1,3,100,100.0,2,1.4489
1,1,3,100,100.0,3,1.4362
1,1,3,100,100.0,6,1.4306
1,1,3,100,1000.0,1,1.5414
1,1,3,100,1000.0,2,1.4661
1,1,3,100,1000.0,3,1.446
1,1,3,100,1000.0,6,1.4827
1,1,3,100,10000.0,1,3.5879
1,1,3,100,10000.0,2,2.3586
1,1,3,100,10000.0,3,2.3387
1,1,3,100,10000.0,6,2.4058
1,1,3,100,100000.0,1,8.0
1,1,3,100,100000.0,2,12.242
1,1,3,100,100000.0,3,5.5241
1,1,3,100,100000.0,6,5.6364
1,1,3,100,1000000.0,1,41.756
1,1,3,100,1000000.0,2,34.817
1,1,3,100,1000000.0,3,62.582
1,1,3,100,1000000.0,6,33.528
1,1,3,1000,10.0,1,1.5316
1,1,3,1000,10.0,2,1.4397
1,1,3,1000,10.0,3,1.4759
1,1,3,1000,10.0,6,1.4780000000000002
1,1,3,1000,100.0,1,1.5764
1,1,3,1000,100.0,2,1.4431
1,1,3,1000,100.0,3,1.4626
1,1,3,1000,100.0,6,1.459
1,1,3,1000,1000.0,1,1.5902
1,1,3,1000,1000.0,2,1.442
1,1,3,1000,1000.0,3,1.5191
1,1,3,1000,1000.0,6,1.5191
1,1,3,1000,10000.0,1,3.9431
1,1,3,1000,10000.0,2,2.3569
1,1,3,1000,10000.0,3,2.2943
1,1,3,1000,10000.0,6,2.2948
1,1,3,1000,100000.0,1,7.5397
1,1,3,1000,100000.0,2,6.45
1,1,3,1000,100000.0,3,5.3936
1,1,3,1000,100000.0,6,5.6728
1,1,3,1000,1000000.0,1,39.828
1,1,3,1000,1000000.0,2,35.29
1,1,3,1000,1000000.0,3,34.457
1,1,3,1000,1000000.0,6,38.165
1,1,4,10,10.0,1,1.5931
1,1,4,10,10.0,2,4.2058
1,1,4,10,10.0,3,2.0006
1,1,4,10,10.0,6,2.0157
1,1,4,10,100.0,1,1.6144
1,1,4,10,100.0,2,1.8676
1,1,4,10,100.0,3,2.0006
1,1,4,10,100.0,6,2.0192
1,1,4,10,1000.0,1,1.652
1,1,4,10,1000.0,2,4.1162
1,1,4,10,1000.0,3,2.0017
1,1,4,10,1000.0,6,2.0587
1,1,4,10,10000.0,1,2.8747
1,1,4,10,10000.0,2,3.2555
1,1,4,10,10000.0,3,3.6208
1,1,4,10,10000.0,6,6.9093
1,1,4,10,100000.0,1,8.142000000000001
1,1,4,10,100000.0,2,8.0023
1,1,4,10,100000.0,3,7.9855
1,1,4,10,100000.0,6,8.1297
1,1,4,10,1000000.0,1,45.853
1,1,4,10,1000000.0,2,51.403
1,1,4,10,1000000.0,3,47.465
1,1,4,10,1000000.0,6,42.917
1,1,4,100,10.0,1,1.6075
1,1,4,100,10.0,2,1.7295
1,1,4,100,10.0,3,1.922
1,1,4,100,10.0,6,2.0314
1,1,4,100,100.0,1,1.5908
1,1,4,100,100.0,2,1.8451
1,1,4,100,100.0,3,1.9376
1,1,4,100,100.0,6,1.9698
1,1,4,100,1000.0,1,1.6017
1,1,4,100,1000.0,2,1.8376
1,1,4,100,1000.0,3,1.9584
1,1,4,100,1000.0,6,1.9564
1,1,4,100,10000.0,1,2.8241
1,1,4,100,10000.0,2,3.0601
1,1,4,100,10000.0,3,3.5121
1,1,4,100,10000.0,6,3.2163
1,1,4,100,100000.0,1,7.9437
1,1,4,100,100000.0,2,7.5237
1,1,4,100,100000.0,3,7.9665
1,1,4,100,100000.0,6,8.2064
1,1,4,100,1000000.0,1,44.717
1,1,4,100,1000000.0,2,50.833999999999996
1,1,4,100,1000000.0,3,54.336000000000006
1,1,4,100,1000000.0,6,42.994
1,1,4,1000,10.0,1,1.5299
1,1,4,1000,10.0,2,1.8387
1,1,4,1000,10.0,3,1.9243
1,1,4,1000,10.0,6,1.9628
1,1,4,1000,100.0,1,1.5356
1,1,4,1000,100.0,2,1.8318
1,1,4,1000,100.0,3,1.9468
1,1,4,1000,100.0,6,1.9733
1,1,4,1000,1000.0,1,1.5879
1,1,4,1000,1000.0,2,1.7925
1,1,4,1000,1000.0,3,1.9116
1,1,4,1000,1000.0,6,2.0262
1,1,4,1000,10000.0,1,2.4937
1,1,4,1000,10000.0,2,2.9809
1,1,4,1000,10000.0,3,3.2364
1,1,4,1000,10000.0,6,3.4035
1,1,4,1000,100000.0,1,7.6736
1,1,4,1000,100000.0,2,7.5503
1,1,4,1000,100000.0,3,7.5052
1,1,4,1000,100000.0,6,8.1442
1,1,4,1000,1000000.0,1,43.86600000000001
1,1,4,1000,1000000.0,2,51.424
1,1,4,1000,1000000.0,3,52.031000000000006
1,1,4,1000,1000000.0,6,44.013000000000005
1,1,5,10,10.0,1,2.5809
1,1,5,10,10.0,2,2.504
1,1,5,10,10.0,3,2.3547
1,1,5,10,10.0,6,2.3702
1,1,5,10,100.0,1,2.5468
1,1,5,10,100.0,2,2.5075
1,1,5,10,100.0,3,2.3369999999999997
1,1,5,10,100.0,6,2.3569999999999998
1,1,5,10,1000.0,1,2.6133
1,1,5,10,1000.0,2,2.574
1,1,5,10,1000.0,3,2.3302
1,1,5,10,1000.0,6,2.425
1,1,5,10,10000.0,1,5.9595
1,1,5,10,10000.0,2,5.0168
1,1,5,10,10000.0,3,4.0497
1,1,5,10,10000.0,6,4.0698
1,1,5,10,100000.0,1,16.269000000000002
1,1,5,10,100000.0,2,12.425
1,1,5,10,100000.0,3,10.368
1,1,5,10,100000.0,6,11.245
1,1,5,10,1000000.0,1,94.00399999999999
1,1,5,10,1000000.0,2,85.161
1,1,5,10,1000000.0,3,76.844
1,1,5,10,1000000.0,6,60.542
1,1,5,100,10.0,1,2.5775
1,1,5,100,10.0,2,2.5237
1,1,5,100,10.0,3,2.2988
1,1,5,100,10.0,6,2.3686
1,1,5,100,100.0,1,2.5786
1,1,5,100,100.0,2,2.489
1,1,5,100,100.0,3,2.3314
1,1,5,100,100.0,6,2.4193
1,1,5,100,1000.0,1,2.6405
1,1,5,100,1000.0,2,2.559
1,1,5,100,1000.0,3,2.3122
1,1,5,100,1000.0,6,2.3680000000000003
1,1,5,100,10000.0,1,6.1908
1,1,5,100,10000.0,2,5.0994
1,1,5,100,10000.0,3,3.9587
1,1,5,100,10000.0,6,4.107
1,1,5,100,100000.0,1,15.742
1,1,5,100,100000.0,2,12.546
1,1,5,100,100000.0,3,10.315
1,1,5,100,100000.0,6,10.187999999999999
1,1,5,100,1000000.0,1,98.311
1,1,5,100,1000000.0,2,91.135
1,1,5,100,1000000.0,3,61.693999999999996
1,1,5,100,1000000.0,6,60.863
1,1,5,1000,10.0,1,2.585
1,1,5,1000,10.0,2,2.4861
1,1,5,1000,10.0,3,2.3318
1,1,5,1000,10.0,6,2.3596
1,1,5,1000,100.0,1,2.515
1,1,5,1000,100.0,2,2.5364
1,1,5,1000,100.0,3,2.3572
1,1,5,1000,100.0,6,2.3494
1,1,5,1000,1000.0,1,2.5821
1,1,5,1000,1000.0,2,2.5491
1,1,5,1000,1000.0,3,2.3488
1,1,5,1000,1000.0,6,2.3907
1,1,5,1000,10000.0,1,5.7705
1,1,5,1000,10000.0,2,4.9035
1,1,5,1000,10000.0,3,4.0535
1,1,5,1000,10000.0,6,4.093
1,1,5,1000,100000.0,1,15.765
1,1,5,1000,100000.0,2,12.788
1,1,5,1000,100000.0,3,10.184
1,1,5,1000,100000.0,6,10.07
1,1,5,1000,1000000.0,1,100.28
1,1,5,1000,1000000.0,2,86.671
1,1,5,1000,1000000.0,3,62.456
1,1,5,1000,1000000.0,6,69.31
1,10,2,10,10.0,1,2.3172
1,10,2,10,10.0,2,1.6816
1,10,2,10,10.0,3,1.7121
1,10,2,10,10.0,6,1.9
1,10,2,10,100.0,1,2.3274
1,10,2,10,100.0,2,1.7368
1,10,2,10,100.0,3,1.7603
1,10,2,10,100.0,6,1.9172
1,10,2,10,1000.0,1,2.5
1,10,2,10,1000.0,2,2.0115
1,10,2,10,1000.0,3,1.9126
1,10,2,10,1000.0,6,2.0034
1,10,2,10,10000.0,1,3.5171
1,10,2,10,10000.0,2,2.7925
1,10,2,10,10000.0,3,2.5264
1,10,2,10,10000.0,6,2.6397
1,10,2,10,100000.0,1,28.090999999999998
1,10,2,10,100000.0,2,27.943
1,10,2,10,100000.0,3,20.282
1,10,2,10,100000.0,6,19.689
1,10,2,10,1000000.0,1,281.88
1,10,2,10,1000000.0,2,279.13
1,10,2,10,1000000.0,3,184.18
1,10,2,10,1000000.0,6,180.56
1,10,2,100,10.0,1,2.3471
1,10,2,100,10.0,2,1.6362
1,10,2,100,10.0,3,1.7287
1,10,2,100,10.0,6,1.9
1,10,2,100,100.0,1,2.3667
1,10,2,100,100.0,2,1.7103
1,10,2,100,100.0,3,1.7316
1,10,2,100,100.0,6,1.9167
1,10,2,100,1000.0,1,2.7966
1,10,2,100,1000.0,2,1.9937
1,10,2,100,1000.0,3,1.9144
1,10,2,100,1000.0,6,2.0144
1,10,2,100,10000.0,1,3.5617
1,10,2,100,10000.0,2,2.8
1,10,2,100,10000.0,3,2.5264
1,10,2,100,10000.0,6,2.8471
1,10,2,100,100000.0,1,28.084
1,10,2,100,100000.0,2,27.949
1,10,2,100,100000.0,3,18.31
1,10,2,100,100000.0,6,17.820999999999998
1,10,2,100,1000000.0,1,282.15
1,10,2,100,1000000.0,2,280.42
1,10,2,100,1000000.0,3,185.57
1,10,2,100,1000000.0,6,187.58
1,10,2,1000,10.0,1,2.3
1,10,2,1000,10.0,2,1.6224
1,10,2,1000,10.0,3,1.7586
1,10,2,1000,10.0,6,1.9816
1,10,2,1000,100.0,1,2.3063
1,10,2,1000,100.0,2,1.7144
1,10,2,1000,100.0,3,2.0741
1,10,2,1000,100.0,6,2.2615
1,10,2,1000,1000.0,1,2.5371
1,10,2,1000,1000.0,2,2.0
1,10,2,1000,1000.0,3,2.2201
1,10,2,1000,1000.0,6,2.0782
1,10,2,1000,10000.0,1,3.6931
1,10,2,1000,10000.0,2,2.8201
1,10,2,1000,10000.0,3,2.8276
1,10,2,1000,10000.0,6,2.6017
1,10,2,1000,100000.0,1,27.985
1,10,2,1000,100000.0,2,27.983
1,10,2,1000,100000.0,3,18.157
1,10,2,1000,100000.0,6,19.579
1,10,2,1000,1000000.0,1,278.96
1,10,2,1000,1000000.0,2,281.57
1,10,2,1000,1000000.0,3,194.1
1,10,2,1000,1000000.0,6,197.92
1,10,3,10,10.0,1,3.4287
1,10,3,10,10.0,2,2.4057
1,10,3,10,10.0,3,2.5006
1,10,3,10,10.0,6,2.5098
1,10,3,10,100.0,1,3.4236
1,10,3,10,100.0,2,2.4448
1,10,3,10,100.0,3,2.5776
1,10,3,10,100.0,6,2.5763
1,10,3,10,1000.0,1,3.573
1,10,3,10,1000.0,2,2.5
1,10,3,10,1000.0,3,3.258
1,10,3,10,1000.0,6,2.9156
1,10,3,10,10000.0,1,5.242000000000001
1,10,3,10,10000.0,2,3.4259
1,10,3,10,10000.0,3,4.1454
1,10,3,10,10000.0,6,3.8029
1,10,3,10,100000.0,1,29.016
1,10,3,10,100000.0,2,27.131999999999998
1,10,3,10,100000.0,3,23.717
1,10,3,10,100000.0,6,24.176
1,10,3,10,1000000.0,1,282.2
1,10,3,10,1000000.0,2,280.11
1,10,3,10,1000000.0,3,244.61
1,10,3,10,1000000.0,6,250.86
1,10,3,100,10.0,1,3.5063
1,10,3,100,10.0,2,2.4259
1,10,3,100,10.0,3,2.504
1,10,3,100,10.0,6,2.6
1,10,3,100,100.0,1,3.4960000000000004
1,10,3,100,100.0,2,2.3954
1,10,3,100,100.0,3,2.8397
1,10,3,100,100.0,6,2.6092
1,10,3,100,1000.0,1,3.6787
1,10,3,100,1000.0,2,2.5368
1,10,3,100,1000.0,3,2.7218
1,10,3,100,1000.0,6,3.2659
1,10,3,100,10000.0,1,5.2454
1,10,3,100,10000.0,2,3.5511
1,10,3,100,10000.0,3,3.6466
1,10,3,100,10000.0,6,3.6647
1,10,3,100,100000.0,1,28.941
1,10,3,100,100000.0,2,27.801
1,10,3,100,100000.0,3,24.399
1,10,3,100,100000.0,6,24.006
1,10,3,100,1000000.0,1,283.43
1,10,3,100,1000000.0,2,282.37
1,10,3,100,1000000.0,3,247.53
1,10,3,100,1000000.0,6,240.74
1,10,3,1000,10.0,1,3.4391
1,10,3,1000,10.0,2,2.8017
1,10,3,1000,10.0,3,2.5856
1,10,3,1000,10.0,6,2.6387
1,10,3,1000,100.0,1,3.5034
1,10,3,1000,100.0,2,2.4184
1,10,3,1000,100.0,3,2.6167
1,10,3,1000,100.0,6,3.0948
1,10,3,1000,1000.0,1,3.319
1,10,3,1000,1000.0,2,2.5328
1,10,3,1000,1000.0,3,2.7626
1,10,3,1000,1000.0,6,2.8624
1,10,3,1000,10000.0,1,5.1862
1,10,3,1000,10000.0,2,4.2483
1,10,3,1000,10000.0,3,3.5586
1,10,3,1000,10000.0,6,3.7775
1,10,3,1000,100000.0,1,29.465
1,10,3,1000,100000.0,2,27.916
1,10,3,1000,100000.0,3,23.689
1,10,3,1000,100000.0,6,23.81
1,10,3,1000,1000000.0,1,292.19
1,10,3,1000,1000000.0,2,278.33
1,10,3,1000,1000000.0,3,243.78
1,10,3,1000,1000000.0,6,245.85
1,10,4,10,10.0,1,3.6919999999999997
1,10,4,10,10.0,2,3.2335
1,10,4,10,10.0,3,3.4208
1,10,4,10,10.0,6,3.5
1,10,4,10,100.0,1,3.2741
1,10,4,10,100.0,2,3.2954
1,10,4,10,100.0,3,3.3879
1,10,4,10,100.0,6,3.5064
1,10,4,10,1000.0,1,3.3
1,10,4,10,1000.0,2,3.485
1,10,4,10,1000.0,3,3.5861
1,10,4,10,1000.0,6,3.6884
1,10,4,10,10000.0,1,4.873
1,10,4,10,10000.0,2,5.4254
1,10,4,10,10000.0,3,4.7792
1,10,4,10,10000.0,6,5.013999999999999
1,10,4,10,100000.0,1,31.336
1,10,4,10,100000.0,2,34.336
1,10,4,10,100000.0,3,30.953000000000003
1,10,4,10,100000.0,6,30.862
1,10,4,10,1000000.0,1,285.91
1,10,4,10,1000000.0,2,360.39
1,10,4,10,1000000.0,3,298.51
1,10,4,10,1000000.0,6,321.55
1,10,4,100,10.0,1,3.4983
1,10,4,100,10.0,2,3.2838
1,10,4,100,10.0,3,3.3607
1,10,4,100,10.0,6,3.4692
1,10,4,100,100.0,1,3.696
1,10,4,100,100.0,2,3.2902
1,10,4,100,100.0,3,3.9827
1,10,4,100,100.0,6,3.5099
1,10,4,100,1000.0,1,3.3368
1,10,4,100,1000.0,2,3.9751
1,10,4,100,1000.0,3,3.7486
1,10,4,100,1000.0,6,4.1924
1,10,4,100,10000.0,1,5.6132
1,10,4,100,10000.0,2,4.7345
1,10,4,100,10000.0,3,4.8665
1,10,4,100,10000.0,6,5.7791
1,10,4,100,100000.0,1,31.587
1,10,4,100,100000.0,2,35.004
1,10,4,100,100000.0,3,30.495
1,10,4,100,100000.0,6,30.647
1,10,4,100,1000000.0,1,284.03
1,10,4,100,1000000.0,2,339.22
1,10,4,100,1000000.0,3,306.76
1,10,4,100,1000000.0,6,322.67
1,10,4,1000,10.0,1,3.1189999999999998
1,10,4,1000,10.0,2,3.2173
1,10,4,1000,10.0,3,3.4272
1,10,4,1000,10.0,6,4.1343
1,10,4,1000,100.0,1,3.9839
1,10,4,1000,100.0,2,3.8266
1,10,4,1000,100.0,3,3.4457
1,10,4,1000,100.0,6,4.138999999999999
1,10,4,1000,1000.0,1,3.3948
1,10,4,1000,1000.0,2,3.4994
1,10,4,1000,1000.0,3,3.6087
1,10,4,1000,1000.0,6,3.6942
1,10,4,1000,10000.0,1,4.8649
1,10,4,1000,10000.0,2,4.7561
1,10,4,1000,10000.0,3,5.6283
1,10,4,1000,10000.0,6,5.0105
1,10,4,1000,100000.0,1,28.872
1,10,4,1000,100000.0,2,35.15
1,10,4,1000,100000.0,3,30.522
1,10,4,1000,100000.0,6,34.506
1,10,4,1000,1000000.0,1,288.51
1,10,4,1000,1000000.0,2,322.47
1,10,4,1000,1000000.0,3,335.3
1,10,4,1000,1000000.0,6,303.0
1,10,5,10,10.0,1,4.2769
1,10,5,10,10.0,2,4.2387
1,10,5,10,10.0,3,4.2451
1,10,5,10,10.0,6,4.4703
1,10,5,10,100.0,1,4.715
1,10,5,10,100.0,2,4.2561
1,10,5,10,100.0,3,4.2547
1,10,5,10,100.0,6,4.4238
1,10,5,10,1000.0,1,4.9457
1,10,5,10,1000.0,2,4.5283
1,10,5,10,1000.0,3,4.3827
1,10,5,10,1000.0,6,4.5453
1,10,5,10,10000.0,1,8.2769
1,10,5,10,10000.0,2,7.7636
1,10,5,10,10000.0,3,6.3
1,10,5,10,10000.0,6,6.432
1,10,5,10,100000.0,1,56.353
1,10,5,10,100000.0,2,49.498000000000005
1,10,5,10,100000.0,3,37.735
1,10,5,10,100000.0,6,38.222
1,10,5,10,1000000.0,1,571.19
1,10,5,10,1000000.0,2,496.84
1,10,5,10,1000000.0,3,391.05
1,10,5,10,1000000.0,6,399.01
1,10,5,100,10.0,1,4.315
1,10,5,100,10.0,2,4.3711
1,10,5,100,10.0,3,4.2064
1,10,5,100,10.0,6,4.3326
1,10,5,100,100.0,1,4.5266
1,10,5,100,100.0,2,4.3884
1,10,5,100,100.0,3,4.2994
1,10,5,100,100.0,6,4.3233
1,10,5,100,1000.0,1,4.7526
1,10,5,100,1000.0,2,4.7029
1,10,5,100,1000.0,3,4.4514
1,10,5,100,1000.0,6,4.5116
1,10,5,100,10000.0,1,8.211
1,10,5,100,10000.0,2,6.8133
1,10,5,100,10000.0,3,6.3584
1,10,5,100,10000.0,6,6.4669
1,10,5,100,100000.0,1,56.629
1,10,5,100,100000.0,2,49.39
1,10,5,100,100000.0,3,37.99
1,10,5,100,100000.0,6,37.77
1,10,5,100,1000000.0,1,569.83
1,10,5,100,1000000.0,2,485.35
1,10,5,100,1000000.0,3,407.99
1,10,5,100,1000000.0,6,362.61
1,10,5,1000,10.0,1,4.3081
1,10,5,1000,10.0,2,5.0566
1,10,5,1000,10.0,3,4.3364
1,10,5,1000,10.0,6,4.4424
1,10,5,1000,100.0,1,4.3983
1,10,5,1000,100.0,2,4.2243
1,10,5,1000,100.0,3,4.948
1,10,5,1000,100.0,6,4.4291
1,10,5,1000,1000.0,1,5.6983
1,10,5,1000,1000.0,2,4.5023
1,10,5,1000,1000.0,3,4.426
1,10,5,1000,1000.0,6,4.586
1,10,5,1000,10000.0,1,8.1497
1,10,5,1000,10000.0,2,6.9694
1,10,5,1000,10000.0,3,6.2017
1,10,5,1000,10000.0,6,6.382000000000001
1,10,5,1000,100000.0,1,56.805
1,10,5,1000,100000.0,2,49.294
1,10,5,1000,100000.0,3,38.044000000000004
1,10,5,1000,100000.0,6,38.056999999999995
1,10,5,1000,1000000.0,1,554.28
1,10,5,1000,1000000.0,2,505.73
1,10,5,1000,1000000.0,3,409.81
1,10,5,1000,1000000.0,6,362.06
1,100,2,10,10.0,1,12.947000000000001
1,100,2,10,10.0,2,5.4994
1,100,2,10,10.0,3,4.4466
1,100,2,10,10.0,6,4.5626
1,100,2,10,100.0,1,13.158
1,100,2,10,100.0,2,5.7856
1,100,2,10,100.0,3,4.3224
1,100,2,10,100.0,6,4.8661
1,100,2,10,1000.0,1,16.833
1,100,2,10,1000.0,2,8.3954
1,100,2,10,1000.0,3,4.8678
1,100,2,10,1000.0,6,6.1385
1,100,2,10,10000.0,1,34.347
1,100,2,10,10000.0,2,28.666999999999998
1,100,2,10,10000.0,3,19.791
1,100,2,10,10000.0,6,18.159000000000002
1,100,2,10,100000.0,1,293.14
1,100,2,10,100000.0,2,280.66
1,100,2,10,100000.0,3,180.57
1,100,2,10,100000.0,6,177.32
1,100,2,10,1000000.0,1,2782.7
1,100,2,10,1000000.0,2,2771.1
1,100,2,10,1000000.0,3,1886.2
1,100,2,10,1000000.0,6,1916.7
1,100,2,100,10.0,1,12.732000000000001
1,100,2,100,10.0,2,5.5097
1,100,2,100,10.0,3,4.0914
1,100,2,100,10.0,6,4.8454
1,100,2,100,100.0,1,12.757
1,100,2,100,100.0,2,5.8569
1,100,2,100,100.0,3,5.6787
1,100,2,100,100.0,6,6.2925
1,100,2,100,1000.0,1,19.149
1,100,2,100,1000.0,2,8.3701
1,100,2,100,1000.0,3,5.8333
1,100,2,100,1000.0,6,6.1954
1,100,2,100,10000.0,1,33.97
1,100,2,100,10000.0,2,26.92
1,100,2,100,10000.0,3,18.820999999999998
1,100,2,100,10000.0,6,17.147000000000002
1,100,2,100,100000.0,1,281.6
1,100,2,100,100000.0,2,273.91
1,100,2,100,100000.0,3,179.81
1,100,2,100,100000.0,6,177.91
1,100,2,100,1000000.0,1,2791.5
1,100,2,100,1000000.0,2,2800.0
1,100,2,100,1000000.0,3,1845.7
1,100,2,100,1000000.0,6,1829.6
1,100,2,1000,10.0,1,13.040999999999999
1,100,2,1000,10.0,2,6.1351
1,100,2,1000,10.0,3,4.3236
1,100,2,1000,10.0,6,5.2902
1,100,2,1000,100.0,1,15.081
1,100,2,1000,100.0,2,6.4247
1,100,2,1000,100.0,3,5.7569
1,100,2,1000,100.0,6,4.8678
1,100,2,1000,1000.0,1,15.982000000000001
1,100,2,1000,1000.0,2,7.9834
1,100,2,1000,1000.0,3,6.25
1,100,2,1000,1000.0,6,5.8759
1,100,2,1000,10000.0,1,33.803000000000004
1,100,2,1000,10000.0,2,26.136
1,100,2,1000,10000.0,3,18.343
1,100,2,1000,10000.0,6,18.985
1,100,2,1000,100000.0,1,283.66
1,100,2,1000,100000.0,2,275.94
1,100,2,1000,100000.0,3,185.37
1,100,2,1000,100000.0,6,172.84
1,100,2,1000,1000000.0,1,2784.6
1,100,2,1000,1000000.0,2,2743.5
1,100,2,1000,1000000.0,3,1860.0
1,100,2,1000,1000000.0,6,1905.0
1,100,3,10,10.0,1,18.134
1,100,3,10,10.0,2,7.2747
1,100,3,10,10.0,3,7.2253
1,100,3,10,10.0,6,5.8341
1,100,3,10,100.0,1,20.076
1,100,3,10,100.0,2,7.7534
1,100,3,10,100.0,3,6.8874
1,100,3,10,100.0,6,9.4809
1,100,3,10,1000.0,1,24.090999999999998
1,100,3,10,1000.0,2,9.0374
1,100,3,10,1000.0,3,8.6052
1,100,3,10,1000.0,6,9.4988
1,100,3,10,10000.0,1,40.613
1,100,3,10,10000.0,2,25.941999999999997
1,100,3,10,10000.0,3,23.237
1,100,3,10,10000.0,6,22.711
1,100,3,10,100000.0,1,292.62
1,100,3,10,100000.0,2,268.91
1,100,3,10,100000.0,3,222.86
1,100,3,10,100000.0,6,242.28
1,100,3,10,1000000.0,1,2855.0
1,100,3,10,1000000.0,2,2753.1
1,100,3,10,1000000.0,3,2548.2
1,100,3,10,1000000.0,6,2484.1
1,100,3,100,10.0,1,18.172
1,100,3,100,10.0,2,7.3224
1,100,3,100,10.0,3,6.2172
1,100,3,100,10.0,6,6.4133
1,100,3,100,100.0,1,17.861
1,100,3,100,100.0,2,7.5787
1,100,3,100,100.0,3,7.2293
1,100,3,100,100.0,6,7.9728
1,100,3,100,1000.0,1,24.123
1,100,3,100,1000.0,2,11.017999999999999
1,100,3,100,1000.0,3,7.7678
1,100,3,100,1000.0,6,8.0399
1,100,3,100,10000.0,1,42.089
1,100,3,100,10000.0,2,26.372
1,100,3,100,10000.0,3,23.497
1,100,3,100,10000.0,6,24.204
1,100,3,100,100000.0,1,294.59
1,100,3,100,100000.0,2,282.11
1,100,3,100,100000.0,3,224.29
1,100,3,100,100000.0,6,221.8
1,100,3,100,1000000.0,1,2837.0
1,100,3,100,1000000.0,2,2862.2
1,100,3,100,1000000.0,3,2419.0
1,100,3,100,1000000.0,6,2553.3
1,100,3,1000,10.0,1,17.844
1,100,3,1000,10.0,2,7.4034
1,100,3,1000,10.0,3,6.7086
1,100,3,1000,10.0,6,8.0462
1,100,3,1000,100.0,1,19.417
1,100,3,1000,100.0,2,7.0983
1,100,3,1000,100.0,3,7.5121
1,100,3,1000,100.0,6,8.6578
1,100,3,1000,1000.0,1,22.002
1,100,3,1000,1000.0,2,8.5879
1,100,3,1000,1000.0,3,9.4977
1,100,3,1000,1000.0,6,8.7751
1,100,3,1000,10000.0,1,41.82
1,100,3,1000,10000.0,2,29.135
1,100,3,1000,10000.0,3,23.197
1,100,3,1000,10000.0,6,22.303
1,100,3,1000,100000.0,1,292.91
1,100,3,1000,100000.0,2,270.24
1,100,3,1000,100000.0,3,226.9
1,100,3,1000,100000.0,6,240.56
1,100,3,1000,1000000.0,1,2824.2
1,100,3,1000,1000000.0,2,2777.3
1,100,3,1000,1000000.0,3,2410.8
1,100,3,1000,1000000.0,6,2523.9
1,100,4,10,10.0,1,13.904000000000002
1,100,4,10,10.0,2,7.6353
1,100,4,10,10.0,3,9.1549
1,100,4,10,10.0,6,11.74
1,100,4,10,100.0,1,14.28
1,100,4,10,100.0,2,8.4572
1,100,4,10,100.0,3,8.7879
1,100,4,10,100.0,6,12.039000000000001
1,100,4,10,1000.0,1,19.173
1,100,4,10,1000.0,2,10.172
1,100,4,10,1000.0,3,12.609000000000002
1,100,4,10,1000.0,6,11.232999999999999
1,100,4,10,10000.0,1,34.653
1,100,4,10,10000.0,2,31.675
1,100,4,10,10000.0,3,26.401999999999997
1,100,4,10,10000.0,6,27.83
1,100,4,10,100000.0,1,293.96
1,100,4,10,100000.0,2,350.66
1,100,4,10,100000.0,3,282.33
1,100,4,10,100000.0,6,285.6
1,100,4,10,1000000.0,1,2852.2
1,100,4,10,1000000.0,2,3474.2
1,100,4,10,1000000.0,3,3125.7
1,100,4,10,1000000.0,6,3051.4
1,100,4,100,10.0,1,14.889000000000001
1,100,4,100,10.0,2,7.3694
1,100,4,100,10.0,3,8.5121
1,100,4,100,10.0,6,8.9901
1,100,4,100,100.0,1,12.793
1,100,4,100,100.0,2,8.1385
1,100,4,100,100.0,3,8.9127
1,100,4,100,100.0,6,12.335999999999999
1,100,4,100,1000.0,1,17.039
1,100,4,100,1000.0,2,10.429
1,100,4,100,1000.0,3,10.823
1,100,4,100,1000.0,6,13.892000000000001
1,100,4,100,10000.0,1,32.395
1,100,4,100,10000.0,2,31.971
1,100,4,100,10000.0,3,28.073
1,100,4,100,10000.0,6,28.054000000000002
1,100,4,100,100000.0,1,293.18
1,100,4,100,100000.0,2,338.93
1,100,4,100,100000.0,3,290.95
1,100,4,100,100000.0,6,317.09
1,100,4,100,1000000.0,1,2872.2
1,100,4,100,1000000.0,2,3555.3
1,100,4,100,1000000.0,3,2970.5
1,100,4,100,1000000.0,6,3071.9
1,100,4,1000,10.0,1,15.625
1,100,4,1000,10.0,2,9.4983
1,100,4,1000,10.0,3,10.107999999999999
1,100,4,1000,10.0,6,9.4599
1,100,4,1000,100.0,1,17.843
1,100,4,1000,100.0,2,10.111
1,100,4,1000,100.0,3,9.3301
1,100,4,1000,100.0,6,12.603
1,100,4,1000,1000.0,1,16.405
1,100,4,1000,1000.0,2,12.255
1,100,4,1000,1000.0,3,13.115
1,100,4,1000,1000.0,6,13.699000000000002
1,100,4,1000,10000.0,1,36.283
1,100,4,1000,10000.0,2,34.805
1,100,4,1000,10000.0,3,28.801
1,100,4,1000,10000.0,6,27.016
1,100,4,1000,100000.0,1,309.52
1,100,4,1000,100000.0,2,333.9
1,100,4,1000,100000.0,3,309.38
1,100,4,1000,100000.0,6,278.3
1,100,4,1000,1000000.0,1,2847.3
1,100,4,1000,1000000.0,2,3546.7
1,100,4,1000,1000000.0,3,3072.5
1,100,4,1000,1000000.0,6,3119.9
1,100,5,10,10.0,1,31.464000000000002
1,100,5,10,10.0,2,10.728
1,100,5,10,10.0,3,11.133
1,100,5,10,10.0,6,15.027999999999999
1,100,5,10,100.0,1,26.039
1,100,5,10,100.0,2,11.038
1,100,5,10,100.0,3,14.794
1,100,5,10,100.0,6,12.888
1,100,5,10,1000.0,1,34.109
1,100,5,10,1000.0,2,14.630999999999998
1,100,5,10,1000.0,3,15.717
1,100,5,10,1000.0,6,15.852
1,100,5,10,10000.0,1,65.301
1,100,5,10,10000.0,2,45.818000000000005
1,100,5,10,10000.0,3,32.902
1,100,5,10,10000.0,6,33.867
1,100,5,10,100000.0,1,558.17
1,100,5,10,100000.0,2,488.8
1,100,5,10,100000.0,3,366.11
1,100,5,10,100000.0,6,406.65
1,100,5,10,1000000.0,1,5691.7
1,100,5,10,1000000.0,2,5063.8
1,100,5,10,1000000.0,3,3704.4
1,100,5,10,1000000.0,6,3742.6
1,100,5,100,10.0,1,29.063000000000002
1,100,5,100,10.0,2,10.284
1,100,5,100,10.0,3,10.913
1,100,5,100,10.0,6,11.628
1,100,5,100,100.0,1,34.934
1,100,5,100,100.0,2,11.369000000000002
1,100,5,100,100.0,3,14.147
1,100,5,100,100.0,6,14.444
1,100,5,100,1000.0,1,35.715
1,100,5,100,1000.0,2,14.11
1,100,5,100,1000.0,3,13.427
1,100,5,100,1000.0,6,18.346
1,100,5,100,10000.0,1,75.941
1,100,5,100,10000.0,2,45.691
1,100,5,100,10000.0,3,35.036
1,100,5,100,10000.0,6,32.543
1,100,5,100,100000.0,1,568.48
1,100,5,100,100000.0,2,497.88
1,100,5,100,100000.0,3,391.7
1,100,5,100,100000.0,6,401.66
1,100,5,100,1000000.0,1,5849.9
1,100,5,100,1000000.0,2,4855.1
1,100,5,100,1000000.0,3,3926.8
1,100,5,100,1000000.0,6,3705.9
1,100,5,1000,10.0,1,35.171
1,100,5,1000,10.0,2,10.912
1,100,5,1000,10.0,3,12.97
1,100,5,1000,10.0,6,14.74
1,100,5,1000,100.0,1,27.197
1,100,5,1000,100.0,2,13.85
1,100,5,1000,100.0,3,12.077
1,100,5,1000,100.0,6,13.398
1,100,5,1000,1000.0,1,29.855
1,100,5,1000,1000.0,2,13.908
1,100,5,1000,1000.0,3,16.035999999999998
1,100,5,1000,1000.0,6,15.353
1,100,5,1000,10000.0,1,64.753
1,100,5,1000,10000.0,2,45.67100000000001
1,100,5,1000,10000.0,3,33.55
1,100,5,1000,10000.0,6,32.562
1,100,5,1000,100000.0,1,565.88
1,100,5,1000,100000.0,2,489.41
1,100,5,1000,100000.0,3,368.43
1,100,5,1000,100000.0,6,399.99
1,100,5,1000,1000000.0,1,5628.0
1,100,5,1000,1000000.0,2,5131.7
1,100,5,1000,1000000.0,3,3637.9
1,100,5,1000,1000000.0,6,3677.0
1,1000,2,10,10.0,1,62.446999999999996
1,1000,2,10,10.0,2,12.497
1,1000,2,10,10.0,3,10.145
1,1000,2,10,10.0,6,18.309
1,1000,2,10,100.0,1,95.059
1,1000,2,10,100.0,2,16.773
1,1000,2,10,100.0,3,21.756999999999998
1,1000,2,10,100.0,6,11.07
1,1000,2,10,1000.0,1,183.06
1,1000,2,10,1000.0,2,28.21
1,1000,2,10,1000.0,3,12.470999999999998
1,1000,2,10,1000.0,6,11.103
1,1000,2,10,10000.0,1,387.37
1,1000,2,10,10000.0,2,259.72
1,1000,2,10,10000.0,3,168.66
1,1000,2,10,10000.0,6,168.87
1,1000,2,10,100000.0,1,2873.0
1,1000,2,10,100000.0,2,2714.5
1,1000,2,10,100000.0,3,1733.7
1,1000,2,10,100000.0,6,1671.3
1,1000,2,10,1000000.0,1,25608.0
1,1000,2,10,1000000.0,2,25630.0
1,1000,2,10,1000000.0,3,17563.0
1,1000,2,10,1000000.0,6,17016.0
1,1000,2,100,10.0,1,98.584
1,1000,2,100,10.0,2,11.356
1,1000,2,100,10.0,3,21.495
1,1000,2,100,10.0,6,19.885
1,1000,2,100,100.0,1,98.375
1,1000,2,100,100.0,2,13.093
1,1000,2,100,100.0,3,10.545
1,1000,2,100,100.0,6,20.795
1,1000,2,100,1000.0,1,186.49
1,1000,2,100,1000.0,2,24.910999999999998
1,1000,2,100,1000.0,3,11.457
1,1000,2,100,1000.0,6,22.705
1,1000,2,100,10000.0,1,352.61
1,1000,2,100,10000.0,2,257.6
1,1000,2,100,10000.0,3,171.6
1,1000,2,100,10000.0,6,170.08
1,1000,2,100,100000.0,1,2780.0
1,1000,2,100,100000.0,2,2682.9
1,1000,2,100,100000.0,3,1687.8
1,1000,2,100,100000.0,6,1815.3
1,1000,2,100,1000000.0,1,25575.0
1,1000,2,100,1000000.0,2,25551.0
1,1000,2,100,1000000.0,3,16974.0
1,1000,2,100,1000000.0,6,17183.0
1,1000,2,1000,10.0,1,54.449
1,1000,2,1000,10.0,2,13.706
1,1000,2,1000,10.0,3,21.519000000000002
1,1000,2,1000,10.0,6,21.49
1,1000,2,1000,100.0,1,92.65899999999999
1,1000,2,1000,100.0,2,13.879000000000001
1,1000,2,1000,100.0,3,12.094000000000001
1,1000,2,1000,100.0,6,21.656
1,1000,2,1000,1000.0,1,174.31
1,1000,2,1000,1000.0,2,24.983
1,1000,2,1000,1000.0,3,21.156
1,1000,2,1000,1000.0,6,21.955
1,1000,2,1000,10000.0,1,345.96
1,1000,2,1000,10000.0,2,252.88
1,1000,2,1000,10000.0,3,172.6
1,1000,2,1000,10000.0,6,183.97
1,1000,2,1000,100000.0,1,2885.7
1,1000,2,1000,100000.0,2,2825.8
1,1000,2,1000,100000.0,3,1833.9
1,1000,2,1000,100000.0,6,1826.1
1,1000,2,1000,1000000.0,1,25448.0
1,1000,2,1000,1000000.0,2,25521.0
1,1000,2,1000,1000000.0,3,17448.0
1,1000,2,1000,1000000.0,6,16641.0
1,1000,3,10,10.0,1,144.31
1,1000,3,10,10.0,2,18.017
1,1000,3,10,10.0,3,13.884
1,1000,3,10,10.0,6,14.2
1,1000,3,10,100.0,1,173.06
1,1000,3,10,100.0,2,29.965
1,1000,3,10,100.0,3,16.119
1,1000,3,10,100.0,6,13.72
1,1000,3,10,1000.0,1,204.91
1,1000,3,10,1000.0,2,24.505
1,1000,3,10,1000.0,3,17.211
1,1000,3,10,1000.0,6,34.894
1,1000,3,10,10000.0,1,438.39
1,1000,3,10,10000.0,2,295.25
1,1000,3,10,10000.0,3,231.53
1,1000,3,10,10000.0,6,225.01
1,1000,3,10,100000.0,1,2947.5
1,1000,3,10,100000.0,2,2553.4
1,1000,3,10,100000.0,3,2114.7
1,1000,3,10,100000.0,6,2187.7
1,1000,3,10,1000000.0,1,26218.0
1,1000,3,10,1000000.0,2,25376.0
1,1000,3,10,1000000.0,3,20959.0
1,1000,3,10,1000000.0,6,21731.0
1,1000,3,100,10.0,1,157.05
1,1000,3,100,10.0,2,14.818
1,1000,3,100,10.0,3,31.671
1,1000,3,100,10.0,6,30.842
1,1000,3,100,100.0,1,175.21
1,1000,3,100,100.0,2,14.844000000000001
1,1000,3,100,100.0,3,34.372
1,1000,3,100,100.0,6,15.097000000000001
1,1000,3,100,1000.0,1,182.87
1,1000,3,100,1000.0,2,17.132
1,1000,3,100,1000.0,3,20.840999999999998
1,1000,3,100,1000.0,6,34.023
1,1000,3,100,10000.0,1,414.91
1,1000,3,100,10000.0,2,288.65
1,1000,3,100,10000.0,3,230.19
1,1000,3,100,10000.0,6,240.88
1,1000,3,100,100000.0,1,2968.2
1,1000,3,100,100000.0,2,2802.8
1,1000,3,100,100000.0,3,2464.4
1,1000,3,100,100000.0,6,2072.4
1,1000,3,100,1000000.0,1,25892.0
1,1000,3,100,1000000.0,2,24881.0
1,1000,3,100,1000000.0,3,21893.0
1,1000,3,100,1000000.0,6,21758.0
1,1000,3,1000,10.0,1,162.41
1,1000,3,1000,10.0,2,12.742
1,1000,3,1000,10.0,3,27.949
1,1000,3,1000,10.0,6,14.787
1,1000,3,1000,100.0,1,177.28
1,1000,3,1000,100.0,2,15.543
1,1000,3,1000,100.0,3,32.256
1,1000,3,1000,100.0,6,28.593000000000004
1,1000,3,1000,1000.0,1,187.65
1,1000,3,1000,1000.0,2,21.883000000000003
1,1000,3,1000,1000.0,3,21.64
1,1000,3,1000,1000.0,6,36.371
1,1000,3,1000,10000.0,1,438.4
1,1000,3,1000,10000.0,2,289.63
1,1000,3,1000,10000.0,3,246.87
1,1000,3,1000,10000.0,6,228.0
1,1000,3,1000,100000.0,1,2924.6
1,1000,3,1000,100000.0,2,2541.6
1,1000,3,1000,100000.0,3,2423.6
1,1000,3,1000,100000.0,6,2131.2
1,1000,3,1000,1000000.0,1,25885.0
1,1000,3,1000,1000000.0,2,24490.0
1,1000,3,1000,1000000.0,3,20466.0
1,1000,3,1000,1000000.0,6,22107.0
1,1000,4,10,10.0,1,37.441
1,1000,4,10,10.0,2,19.590999999999998
1,1000,4,10,10.0,3,21.324
1,1000,4,10,10.0,6,20.113
1,1000,4,10,100.0,1,32.724000000000004
1,1000,4,10,100.0,2,20.183
1,1000,4,10,100.0,3,43.247
1,1000,4,10,100.0,6,23.038
1,1000,4,10,1000.0,1,55.479
1,1000,4,10,1000.0,2,48.004
1,1000,4,10,1000.0,3,25.413
1,1000,4,10,1000.0,6,118.89
1,1000,4,10,10000.0,1,317.56
1,1000,4,10,10000.0,2,308.29
1,1000,4,10,10000.0,3,313.48
1,1000,4,10,10000.0,6,274.96
1,1000,4,10,100000.0,1,2867.4
1,1000,4,10,100000.0,2,3099.0
1,1000,4,10,100000.0,3,2677.1
1,1000,4,10,100000.0,6,2718.7
1,1000,4,10,1000000.0,1,26865.0
1,1000,4,10,1000000.0,2,22905.0
1,1000,4,10,1000000.0,3,26473.0
1,1000,4,10,1000000.0,6,25507.0
1,1000,4,100,10.0,1,30.445
1,1000,4,100,10.0,2,39.801
1,1000,4,100,10.0,3,45.641999999999996
1,1000,4,100,10.0,6,40.141
1,1000,4,100,100.0,1,57.023
1,1000,4,100,100.0,2,41.287
1,1000,4,100,100.0,3,46.148999999999994
1,1000,4,100,100.0,6,42.888999999999996
1,1000,4,100,1000.0,1,48.443000000000005
1,1000,4,100,1000.0,2,24.558000000000003
1,1000,4,100,1000.0,3,50.613
1,1000,4,100,1000.0,6,54.256
1,1000,4,100,10000.0,1,294.7
1,1000,4,100,10000.0,2,359.02
1,1000,4,100,10000.0,3,296.96
1,1000,4,100,10000.0,6,315.82
1,1000,4,100,100000.0,1,2978.7
1,1000,4,100,100000.0,2,3606.7
1,1000,4,100,100000.0,3,2678.5
1,1000,4,100,100000.0,6,3185.4
1,1000,4,100,1000000.0,1,26624.0
1,1000,4,100,1000000.0,2,25009.0
1,1000,4,100,1000000.0,3,26275.0
1,1000,4,100,1000000.0,6,25765.0
1,1000,4,1000,10.0,1,57.456
1,1000,4,1000,10.0,2,41.846000000000004
1,1000,4,1000,10.0,3,44.231
1,1000,4,1000,10.0,6,45.917
1,1000,4,1000,100.0,1,60.836000000000006
1,1000,4,1000,100.0,2,42.773
1,1000,4,1000,100.0,3,46.61
1,1000,4,1000,100.0,6,42.111999999999995
1,1000,4,1000,1000.0,1,51.75899999999999
1,1000,4,1000,1000.0,2,26.528000000000002
1,1000,4,1000,1000.0,3,48.723
1,1000,4,1000,1000.0,6,48.108999999999995
1,1000,4,1000,10000.0,1,439.94
1,1000,4,1000,10000.0,2,337.31
1,1000,4,1000,10000.0,3,310.85
1,1000,4,1000,10000.0,6,281.58
1,1000,4,1000,100000.0,1,3014.6
1,1000,4,1000,100000.0,2,3144.7
1,1000,4,1000,100000.0,3,3016.1
1,1000,4,1000,100000.0,6,2782.5
1,1000,4,1000,1000000.0,1,26509.0
1,1000,4,1000,1000000.0,2,21478.0
1,1000,4,1000,1000000.0,3,25085.0
1,1000,4,1000,1000000.0,6,26308.0
1,1000,5,10,10.0,1,147.53
1,1000,5,10,10.0,2,31.005
1,1000,5,10,10.0,3,29.991999999999997
1,1000,5,10,10.0,6,241.53
1,1000,5,10,100.0,1,243.77
1,1000,5,10,100.0,2,34.145
1,1000,5,10,100.0,3,130.11
1,1000,5,10,100.0,6,28.180999999999997
1,1000,5,10,1000.0,1,283.09
1,1000,5,10,1000.0,2,54.998999999999995
1,1000,5,10,1000.0,3,149.41
1,1000,5,10,1000.0,6,198.4
1,1000,5,10,10000.0,1,651.7
1,1000,5,10,10000.0,2,449.84
1,1000,5,10,10000.0,3,325.06
1,1000,5,10,10000.0,6,308.28
1,1000,5,10,100000.0,1,5865.8
1,1000,5,10,100000.0,2,4734.3
1,1000,5,10,100000.0,3,3545.5
1,1000,5,10,100000.0,6,3926.9
1,1000,5,10,1000000.0,1,36990.0
1,1000,5,10,1000000.0,2,29983.0
1,1000,5,10,1000000.0,3,27372.0
1,1000,5,10,1000000.0,6,28543.0
1,1000,5,100,10.0,1,204.65
1,1000,5,100,10.0,2,31.842
1,1000,5,100,10.0,3,27.223000000000003
1,1000,5,100,10.0,6,28.026999999999997
1,1000,5,100,100.0,1,204.54
1,1000,5,100,100.0,2,31.508000000000003
1,1000,5,100,100.0,3,29.101999999999997
1,1000,5,100,100.0,6,198.27
1,1000,5,100,1000.0,1,313.08
1,1000,5,100,1000.0,2,49.835
1,1000,5,100,1000.0,3,37.268
1,1000,5,100,1000.0,6,188.96
1,1000,5,100,10000.0,1,621.57
1,1000,5,100,10000.0,2,441.51
1,1000,5,100,10000.0,3,331.31
1,1000,5,100,10000.0,6,329.2
1,1000,5,100,100000.0,1,5648.1
1,1000,5,100,100000.0,2,4923.3
1,1000,5,100,100000.0,3,3586.6
1,1000,5,100,100000.0,6,3853.4
1,1000,5,100,1000000.0,1,40328.0
1,1000,5,100,1000000.0,2,32446.0
1,1000,5,100,1000000.0,3,27451.0
1,1000,5,100,1000000.0,6,29765.0
1,1000,5,1000,10.0,1,240.59
1,1000,5,1000,10.0,2,32.945
1,1000,5,1000,10.0,3,132.46
1,1000,5,1000,10.0,6,27.796999999999997
1,1000,5,1000,100.0,1,183.6
1,1000,5,1000,100.0,2,29.029
1,1000,5,1000,100.0,3,28.471999999999998
1,1000,5,1000,100.0,6,181.2
1,1000,5,1000,1000.0,1,271.74
1,1000,5,1000,1000.0,2,40.876999999999995
1,1000,5,1000,1000.0,3,36.579
1,1000,5,1000,1000.0,6,36.287
1,1000,5,1000,10000.0,1,741.41
1,1000,5,1000,10000.0,2,439.9
1,1000,5,1000,10000.0,3,335.69
1,1000,5,1000,10000.0,6,501.08
1,1000,5,1000,100000.0,1,5914.5
1,1000,5,1000,100000.0,2,4906.0
1,1000,5,1000,100000.0,3,3810.2
1,1000,5,1000,100000.0,6,3908.1
1,1000,5,1000,1000000.0,1,34303.0
1,1000,5,1000,1000000.0,2,29665.0
1,1000,5,1000,1000000.0,3,27887.0
1,1000,5,1000,1000000.0,6,25936.0
1,10000,2,10,10.0,1,1339.4
1,10000,2,10,10.0,2,12.741
1,10000,2,10,10.0,3,9.7753
1,10000,2,10,10.0,6,10.549000000000001
1,10000,2,10,100.0,1,1828.4
1,10000,2,10,100.0,2,14.899000000000001
1,10000,2,10,100.0,3,443.97
1,10000,2,10,100.0,6,10.345
1,10000,2,10,1000.0,1,2019.5
1,10000,2,10,1000.0,2,341.14
1,10000,2,10,1000.0,3,335.06
1,10000,2,10,1000.0,6,10.913
1,10000,2,10,10000.0,1,3300.9
1,10000,2,10,10000.0,2,2491.9
1,10000,2,10,10000.0,3,1670.5
1,10000,2,10,10000.0,6,1933.4
1,10000,2,10,100000.0,1,23624.0
1,10000,2,10,100000.0,2,23372.0
1,10000,2,10,100000.0,3,15097.0
1,10000,2,10,100000.0,6,15588.0
1,10000,2,10,1000000.0,2,6043.7
1,10000,2,10,1000000.0,3,5066.0
1,10000,2,10,1000000.0,6,5433.5
1,10000,2,100,10.0,1,1674.9
1,10000,2,100,10.0,2,12.502
1,10000,2,100,10.0,3,9.9603
1,10000,2,100,10.0,6,9.5977
1,10000,2,100,100.0,1,1852.3
1,10000,2,100,100.0,2,15.697000000000001
1,10000,2,100,100.0,3,11.432
1,10000,2,100,100.0,6,10.422
1,10000,2,100,1000.0,1,2625.0
1,10000,2,100,1000.0,2,22.916
1,10000,2,100,1000.0,3,12.597000000000001
1,10000,2,100,1000.0,6,38.321
1,10000,2,100,10000.0,1,3983.9
1,10000,2,100,10000.0,2,2455.2
1,10000,2,100,10000.0,3,1688.7
1,10000,2,100,10000.0,6,1640.9
1,10000,2,100,100000.0,1,23982.0
1,10000,2,100,100000.0,2,23255.0
1,10000,2,100,100000.0,3,14734.0
1,10000,2,100,100000.0,6,15000.0
1,10000,2,100,1000000.0,3,5243.6
1,10000,2,100,1000000.0,6,4877.6
1,10000,2,1000,10.0,1,1839.0
1,10000,2,1000,10.0,2,12.817
1,10000,2,1000,10.0,3,377.93
1,10000,2,1000,10.0,6,511.94
1,10000,2,1000,100.0,1,2419.3
1,10000,2,1000,100.0,2,14.247
1,10000,2,1000,100.0,3,10.694
1,10000,2,1000,100.0,6,519.11
1,10000,2,1000,1000.0,1,2557.6
1,10000,2,1000,1000.0,2,26.828000000000003
1,10000,2,1000,1000.0,3,12.059000000000001
1,10000,2,1000,1000.0,6,440.12
1,10000,2,1000,10000.0,1,4024.2
1,10000,2,1000,10000.0,2,2393.1
1,10000,2,1000,10000.0,3,1695.5
1,10000,2,1000,10000.0,6,1958.2
1,10000,2,1000,100000.0,1,24011.0
1,10000,2,1000,100000.0,2,22972.0
1,10000,2,1000,100000.0,3,16316.0
1,10000,2,1000,100000.0,6,13858.0
1,10000,2,1000,1000000.0,2,5663.0
1,10000,2,1000,1000000.0,3,5033.9
1,10000,2,1000,1000000.0,6,5266.7
1,10000,3,10,10.0,1,2292.7
1,10000,3,10,10.0,2,19.862000000000002
1,10000,3,10,10.0,3,14.140999999999998
1,10000,3,10,10.0,6,14.933
1,10000,3,10,100.0,1,2016.1
1,10000,3,10,100.0,2,560.64
1,10000,3,10,100.0,3,584.08
1,10000,3,10,100.0,6,1448.8
1,10000,3,10,1000.0,1,2612.7
1,10000,3,10,1000.0,2,21.226999999999997
1,10000,3,10,1000.0,3,19.237000000000002
1,10000,3,10,1000.0,6,1300.8
1,10000,3,10,10000.0,1,4308.4
1,10000,3,10,10000.0,2,2656.0
1,10000,3,10,10000.0,3,2138.8
1,10000,3,10,10000.0,6,2116.0
1,10000,3,10,100000.0,1,25029.0
1,10000,3,10,100000.0,2,20033.0
1,10000,3,10,100000.0,3,16808.0
1,10000,3,10,100000.0,6,20899.0
1,10000,3,10,1000000.0,3,6607.3
1,10000,3,100,10.0,1,2139.3
1,10000,3,100,10.0,2,20.639
1,10000,3,100,10.0,3,710.12
1,10000,3,100,10.0,6,1223.7
1,10000,3,100,100.0,1,2181.8
1,10000,3,100,100.0,2,19.22
1,10000,3,100,100.0,3,595.16
1,10000,3,100,100.0,6,1085.6
1,10000,3,100,1000.0,1,2644.8
1,10000,3,100,1000.0,2,997.32
1,10000,3,100,1000.0,3,826.93
1,10000,3,100,1000.0,6,1329.1
1,10000,3,100,10000.0,1,4743.8
1,10000,3,100,10000.0,2,2790.5
1,10000,3,100,10000.0,3,2155.0
1,10000,3,100,10000.0,6,3210.1
1,10000,3,100,100000.0,1,25438.0
1,10000,3,100,100000.0,2,20806.0
1,10000,3,100,100000.0,3,16962.0
1,10000,3,100,100000.0,6,19151.0
1,10000,3,100,1000000.0,1,5413.3
1,10000,3,100,1000000.0,2,4613.1
1,10000,3,1000,10.0,1,2700.1
1,10000,3,1000,10.0,2,14.040999999999999
1,10000,3,1000,10.0,3,585.61
1,10000,3,1000,10.0,6,1294.7
1,10000,3,1000,100.0,1,2372.9
1,10000,3,1000,100.0,2,22.595
1,10000,3,1000,100.0,3,627.77
1,10000,3,1000,100.0,6,1240.0
1,10000,3,1000,1000.0,1,2697.4
1,10000,3,1000,1000.0,2,20.924
1,10000,3,1000,1000.0,3,779.16
1,10000,3,1000,1000.0,6,1117.9
1,10000,3,1000,10000.0,1,4232.5
1,10000,3,1000,10000.0,2,3542.3
1,10000,3,1000,10000.0,3,2825.5
1,10000,3,1000,10000.0,6,3289.5
1,10000,3,1000,100000.0,1,24667.0
1,10000,3,1000,100000.0,2,22240.0
1,10000,3,1000,100000.0,3,20100.0
1,10000,3,1000,100000.0,6,20138.0
1,10000,4,10,10.0,1,719.39
1,10000,4,10,10.0,2,23.443
1,10000,4,10,10.0,3,983.1
1,10000,4,10,10.0,6,21.747
1,10000,4,10,100.0,1,849.13
1,10000,4,10,100.0,2,629.54
1,10000,4,10,100.0,3,940.37
1,10000,4,10,100.0,6,23.031
1,10000,4,10,1000.0,1,925.12
1,10000,4,10,1000.0,2,26.811
1,10000,4,10,1000.0,3,960.91
1,10000,4,10,1000.0,6,2215.7
1,10000,4,10,10000.0,1,4201.0
1,10000,4,10,10000.0,2,3115.2
1,10000,4,10,10000.0,3,2637.8
1,10000,4,10,10000.0,6,2621.3
1,10000,4,10,100000.0,1,24688.0
1,10000,4,10,100000.0,2,22535.0
1,10000,4,10,100000.0,3,24774.0
1,10000,4,10,100000.0,6,17797.0
1,10000,4,10,1000000.0,1,8695.1
1,10000,4,10,1000000.0,2,6543.9
1,10000,4,10,1000000.0,3,8904.9
1,10000,4,10,1000000.0,6,9122.7
1,10000,4,100,10.0,1,1558.2
1,10000,4,100,10.0,2,21.269000000000002
1,10000,4,100,10.0,3,1236.7
1,10000,4,100,10.0,6,20.554000000000002
1,10000,4,100,100.0,1,619.99
1,10000,4,100,100.0,2,23.443
1,10000,4,100,100.0,3,1290.1
1,10000,4,100,100.0,6,20.971999999999998
1,10000,4,100,1000.0,1,304.42
1,10000,4,100,1000.0,2,29.965999999999998
1,10000,4,100,1000.0,3,1081.2
1,10000,4,100,1000.0,6,2223.6
1,10000,4,100,10000.0,1,4050.9
1,10000,4,100,10000.0,2,3126.6
1,10000,4,100,10000.0,3,3642.8
1,10000,4,100,10000.0,6,2575.7
1,10000,4,100,100000.0,1,23475.0
1,10000,4,100,100000.0,2,18375.0
1,10000,4,100,100000.0,3,17972.0
1,10000,4,100,100000.0,6,17525.0
1,10000,4,1000,10.0,1,646.02
1,10000,4,1000,10.0,2,20.723000000000003
1,10000,4,1000,10.0,3,22.604
1,10000,4,1000,10.0,6,1843.7
1,10000,4,1000,100.0,1,45.489
1,10000,4,1000,100.0,2,23.774
1,10000,4,1000,100.0,3,1198.9
1,10000,4,1000,100.0,6,2023.3
1,10000,4,1000,1000.0,1,50.508
1,10000,4,1000,1000.0,2,29.809
1,10000,4,1000,1000.0,3,24.994
1,10000,4,1000,1000.0,6,25.919
1,10000,4,1000,10000.0,1,3595.3
1,10000,4,1000,10000.0,2,4085.9
1,10000,4,1000,10000.0,3,3724.6
1,10000,4,1000,10000.0,6,4355.6
1,10000,4,1000,100000.0,1,23720.0
1,10000,4,1000,100000.0,2,22345.0
1,10000,4,1000,100000.0,3,23613.0
1,10000,4,1000,100000.0,6,25409.0
1,10000,4,1000,1000000.0,1,9073.4
1,10000,4,1000,1000000.0,2,6470.3
1,10000,4,1000,1000000.0,6,9905.2
1,10000,5,10,10.0,1,2417.6
1,10000,5,10,10.0,2,34.966
1,10000,5,10,10.0,3,27.509
1,10000,5,10,10.0,6,26.326999999999998
1,10000,5,10,100.0,1,1711.1
1,10000,5,10,100.0,2,36.359
1,10000,5,10,100.0,3,32.036
1,10000,5,10,100.0,6,28.146
1,10000,5,10,1000.0,1,2793.7
1,10000,5,10,1000.0,2,62.358000000000004
1,10000,5,10,1000.0,3,36.497
1,10000,5,10,1000.0,6,34.494
1,10000,5,10,10000.0,1,6207.3
1,10000,5,10,10000.0,2,4086.8
1,10000,5,10,10000.0,3,5056.6
1,10000,5,10,10000.0,6,2907.3
1,10000,5,10,100000.0,1,32809.0
1,10000,5,10,100000.0,2,26670.0
1,10000,5,10,100000.0,3,21393.0
1,10000,5,10,100000.0,6,18696.0
1,10000,5,10,1000000.0,6,2827.5
1,10000,5,100,10.0,1,2601.6
1,10000,5,100,10.0,2,30.791999999999998
1,10000,5,100,10.0,3,1862.0
1,10000,5,100,10.0,6,29.81
1,10000,5,100,100.0,1,2415.9
1,10000,5,100,100.0,2,33.872
1,10000,5,100,100.0,3,1665.2
1,10000,5,100,100.0,6,29.517
1,10000,5,100,1000.0,1,3304.6
1,10000,5,100,1000.0,2,53.883
1,10000,5,100,1000.0,3,36.803000000000004
1,10000,5,100,1000.0,6,34.427
1,10000,5,100,10000.0,1,5206.0
1,10000,5,100,10000.0,2,4142.5
1,10000,5,100,10000.0,3,3057.2
1,10000,5,100,10000.0,6,2946.6
1,10000,5,100,100000.0,1,30428.0
1,10000,5,100,100000.0,2,27105.0
1,10000,5,100,100000.0,3,11820.0
1,10000,5,100,1000000.0,1,8144.0
1,10000,5,100,1000000.0,2,12836.0
1,10000,5,1000,10.0,1,3205.1
1,10000,5,1000,10.0,2,34.510999999999996
1,10000,5,1000,10.0,3,1172.7
1,10000,5,1000,10.0,6,29.601999999999997
1,10000,5,1000,100.0,1,2504.4
1,10000,5,1000,100.0,2,45.948
1,10000,5,1000,100.0,3,1554.1
1,10000,5,1000,100.0,6,29.36
1,10000,5,1000,1000.0,1,3870.7
1,10000,5,1000,1000.0,2,53.699
1,10000,5,1000,1000.0,3,49.083
1,10000,5,1000,1000.0,6,5630.6
1,10000,5,1000,10000.0,1,6972.7
1,10000,5,1000,10000.0,2,4041.8
1,10000,5,1000,10000.0,3,3157.0
1,10000,5,1000,10000.0,6,11087.0
1,10000,5,1000,100000.0,1,29856.0
1,10000,5,1000,100000.0,2,29653.0
1,10000,5,1000,100000.0,6,16458.0
1,10000,5,1000,1000000.0,3,10564.0
1,10000,5,1000,1000000.0,6,6108.6
3,1,2,10,10.0,1,1.5534
3,1,2,10,10.0,2,1.5086
3,1,2,10,10.0,3,1.4966
3,1,2,10,10.0,6,1.4724
3,1,2,10,100.0,1,1.5385
3,1,2,10,100.0,2,1.4638
3,1,2,10,100.0,3,1.4805
3,1,2,10,100.0,6,1.4511
3,1,2,10,1000.0,1,1.5383
3,1,2,10,1000.0,2,1.504
3,1,2,10,1000.0,3,1.5063
3,1,2,10,1000.0,6,1.5132
3,1,2,10,10000.0,1,1.9006
3,1,2,10,10000.0,2,1.8126
3,1,2,10,10000.0,3,1.8092
3,1,2,10,10000.0,6,1.8397
3,1,2,10,100000.0,1,4.731
3,1,2,10,100000.0,2,3.5546
3,1,2,10,100000.0,3,3.4994
3,1,2,10,100000.0,6,3.5638
3,1,2,10,1000000.0,1,42.298
3,1,2,10,1000000.0,2,27.948
3,1,2,10,1000000.0,3,19.964000000000002
3,1,2,10,1000000.0,6,19.262999999999998
3,1,2,100,10.0,1,1.5626
3,1,2,100,10.0,2,2.0172
3,1,2,100,10.0,3,1.4477
3,1,2,100,10.0,6,1.5103
3,1,2,100,100.0,1,1.5983
3,1,2,100,100.0,2,1.492
3,1,2,100,100.0,3,1.4563
3,1,2,100,100.0,6,1.4638
3,1,2,100,1000.0,1,1.5879
3,1,2,100,1000.0,2,1.5092
3,1,2,100,1000.0,3,1.454
3,1,2,100,1000.0,6,1.5052
3,1,2,100,10000.0,1,2.0259
3,1,2,100,10000.0,2,1.8477
3,1,2,100,10000.0,3,1.8638
3,1,2,100,10000.0,6,1.8506
3,1,2,100,100000.0,1,4.7
3,1,2,100,100000.0,2,3.6948
3,1,2,100,100000.0,3,3.6253
3,1,2,100,100000.0,6,3.5523
3,1,2,100,1000000.0,1,42.518
3,1,2,100,1000000.0,2,26.886999999999997
3,1,2,100,1000000.0,3,19.567999999999998
3,1,2,100,1000000.0,6,19.491
3,1,2,1000,10.0,1,1.6546
3,1,2,1000,10.0,2,1.5201
3,1,2,1000,10.0,3,1.5132
3,1,2,1000,10.0,6,1.4891
3,1,2,1000,100.0,1,1.6429
3,1,2,1000,100.0,2,1.4971
3,1,2,1000,100.0,3,1.5075
3,1,2,1000,100.0,6,1.5011
3,1,2,1000,1000.0,1,1.6132
3,1,2,1000,1000.0,2,1.4989
3,1,2,1000,1000.0,3,1.5121
3,1,2,1000,1000.0,6,1.5069
3,1,2,1000,10000.0,1,1.9063
3,1,2,1000,10000.0,2,1.8356
3,1,2,1000,10000.0,3,1.8098
3,1,2,1000,10000.0,6,1.8287
3,1,2,1000,100000.0,1,4.6718
3,1,2,1000,100000.0,2,3.6052
3,1,2,1000,100000.0,3,3.5701
3,1,2,1000,100000.0,6,3.5632
3,1,2,1000,1000000.0,1,42.498999999999995
3,1,2,1000,1000000.0,2,26.878
3,1,2,1000,1000000.0,3,19.663
3,1,2,1000,1000000.0,6,19.375999999999998
3,1,3,10,10.0,1,2.1753
3,1,3,10,10.0,2,2.0052
3,1,3,10,10.0,3,1.9523
3,1,3,10,10.0,6,1.9369999999999998
3,1,3,10,100.0,1,2.2443
3,1,3,10,100.0,2,2.0523
3,1,3,10,100.0,3,2.7414
3,1,3,10,100.0,6,2.6393
3,1,3,10,1000.0,1,2.2931
3,1,3,10,1000.0,2,2.0155
3,1,3,10,1000.0,3,1.9672
3,1,3,10,1000.0,6,1.9821
3,1,3,10,10000.0,1,2.8224
3,1,3,10,10000.0,2,2.5787
3,1,3,10,10000.0,3,2.5822
3,1,3,10,10000.0,6,2.5694
3,1,3,10,100000.0,1,8.5437
3,1,3,10,100000.0,2,8.4149
3,1,3,10,100000.0,3,5.8839
3,1,3,10,100000.0,6,6.0243
3,1,3,10,1000000.0,1,86.35700000000001
3,1,3,10,1000000.0,2,58.857
3,1,3,10,1000000.0,3,38.97
3,1,3,10,1000000.0,6,47.035
3,1,3,100,10.0,1,2.1879
3,1,3,100,10.0,2,2.0046
3,1,3,100,10.0,3,1.9312
3,1,3,100,10.0,6,1.9671
3,1,3,100,100.0,1,2.1466
3,1,3,100,100.0,2,1.9753
3,1,3,100,100.0,3,1.9509
3,1,3,100,100.0,6,1.9613
3,1,3,100,1000.0,1,2.1718
3,1,3,100,1000.0,2,2.0362
3,1,3,100,1000.0,3,1.9624
3,1,3,100,1000.0,6,1.9942
3,1,3,100,10000.0,1,2.8454
3,1,3,100,10000.0,2,2.6247
3,1,3,100,10000.0,3,2.5862
3,1,3,100,10000.0,6,2.5896
3,1,3,100,100000.0,1,8.7
3,1,3,100,100000.0,2,6.3236
3,1,3,100,100000.0,3,5.8276
3,1,3,100,100000.0,6,6.0925
3,1,3,100,1000000.0,1,88.214
3,1,3,100,1000000.0,2,55.733999999999995
3,1,3,100,1000000.0,3,38.598
3,1,3,100,1000000.0,6,37.44
3,1,3,1000,10.0,1,2.1896
3,1,3,1000,10.0,2,2.0299
3,1,3,1000,10.0,3,1.9431
3,1,3,1000,10.0,6,1.952
3,1,3,1000,100.0,1,2.1805
3,1,3,1000,100.0,2,2.0805
3,1,3,1000,100.0,3,1.9592
3,1,3,1000,100.0,6,1.9514
3,1,3,1000,1000.0,1,2.1925
3,1,3,1000,1000.0,2,2.0546
3,1,3,1000,1000.0,3,2.0207
3,1,3,1000,1000.0,6,2.0069
3,1,3,1000,10000.0,1,2.7379
3,1,3,1000,10000.0,2,2.6474
3,1,3,1000,10000.0,3,2.6335
3,1,3,1000,10000.0,6,2.589
3,1,3,1000,100000.0,1,8.6885
3,1,3,1000,100000.0,2,6.3391
3,1,3,1000,100000.0,3,5.9149
3,1,3,1000,100000.0,6,6.0815
3,1,3,1000,1000000.0,1,83.20100000000001
3,1,3,1000,1000000.0,2,57.118
3,1,3,1000,1000000.0,3,37.926
3,1,3,1000,1000000.0,6,39.223
3,1,4,10,10.0,1,2.5874
3,1,4,10,10.0,2,2.378
3,1,4,10,10.0,3,2.3659
3,1,4,10,10.0,6,2.4628
3,1,4,10,100.0,1,2.5845
3,1,4,10,100.0,2,2.411
3,1,4,10,100.0,3,2.3676
3,1,4,10,100.0,6,2.4221
3,1,4,10,1000.0,1,2.6474
3,1,4,10,1000.0,2,2.4243
3,1,4,10,1000.0,3,2.3514
3,1,4,10,1000.0,6,2.45
3,1,4,10,10000.0,1,3.7075
3,1,4,10,10000.0,2,3.2844
3,1,4,10,10000.0,3,3.2098
3,1,4,10,10000.0,6,3.318
3,1,4,10,100000.0,1,11.423
3,1,4,10,100000.0,2,8.4821
3,1,4,10,100000.0,3,8.0682
3,1,4,10,100000.0,6,8.1517
3,1,4,10,1000000.0,1,113.43
3,1,4,10,1000000.0,2,75.625
3,1,4,10,1000000.0,3,57.956
3,1,4,10,1000000.0,6,84.416
3,1,4,100,10.0,1,2.6224
3,1,4,100,10.0,2,2.489
3,1,4,100,10.0,3,2.3636
3,1,4,100,10.0,6,2.3564
3,1,4,100,100.0,1,2.596
3,1,4,100,100.0,2,2.4723
3,1,4,100,100.0,3,2.3786
3,1,4,100,100.0,6,2.4023
3,1,4,100,1000.0,1,2.5989
3,1,4,100,1000.0,2,2.4676
3,1,4,100,1000.0,3,2.4549
3,1,4,100,1000.0,6,2.3942
3,1,4,100,10000.0,1,3.6621
3,1,4,100,10000.0,2,3.3624
3,1,4,100,10000.0,3,4.5462
3,1,4,100,10000.0,6,3.3483
3,1,4,100,100000.0,1,11.561
3,1,4,100,100000.0,2,8.3908
3,1,4,100,100000.0,3,8.3052
3,1,4,100,100000.0,6,8.4988
3,1,4,100,1000000.0,1,112.41
3,1,4,100,1000000.0,2,77.918
3,1,4,100,1000000.0,3,67.453
3,1,4,100,1000000.0,6,57.956
3,1,4,1000,10.0,1,2.5385
3,1,4,1000,10.0,2,2.3948
3,1,4,1000,10.0,3,2.3601
3,1,4,1000,10.0,6,2.3901
3,1,4,1000,100.0,1,2.5707
3,1,4,1000,100.0,2,2.4399
3,1,4,1000,100.0,3,2.3555
3,1,4,1000,100.0,6,2.4786
3,1,4,1000,1000.0,1,2.6305
3,1,4,1000,1000.0,2,2.4471
3,1,4,1000,1000.0,3,2.3786
3,1,4,1000,1000.0,6,2.5723
3,1,4,1000,10000.0,1,3.6184
3,1,4,1000,10000.0,2,3.3561
3,1,4,1000,10000.0,3,3.3023
3,1,4,1000,10000.0,6,3.3674
3,1,4,1000,100000.0,1,11.355
3,1,4,1000,100000.0,2,8.4728
3,1,4,1000,100000.0,3,8.1254
3,1,4,1000,100000.0,6,8.4901
3,1,4,1000,1000000.0,1,109.52
3,1,4,1000,1000000.0,2,78.95
3,1,4,1000,1000000.0,3,57.04600000000001
3,1,4,1000,1000000.0,6,57.538999999999994
3,1,5,10,10.0,1,3.1514
3,1,5,10,10.0,2,2.8763
3,1,5,10,10.0,3,2.7329
3,1,5,10,10.0,6,2.8605
3,1,5,10,100.0,1,3.2064
3,1,5,10,100.0,2,2.8382
3,1,5,10,100.0,3,2.7514
3,1,5,10,100.0,6,2.7721
3,1,5,10,1000.0,1,3.1659
3,1,5,10,1000.0,2,2.8751
3,1,5,10,1000.0,3,2.8514
3,1,5,10,1000.0,6,2.8919
3,1,5,10,10000.0,1,4.678
3,1,5,10,10000.0,2,4.1908
3,1,5,10,10000.0,3,3.9185
3,1,5,10,10000.0,6,4.0779
3,1,5,10,100000.0,1,14.075999999999999
3,1,5,10,100000.0,2,11.317
3,1,5,10,100000.0,3,10.530999999999999
3,1,5,10,100000.0,6,10.442
3,1,5,10,1000000.0,1,134.9
3,1,5,10,1000000.0,2,92.514
3,1,5,10,1000000.0,3,78.65
3,1,5,10,1000000.0,6,77.157
3,1,5,100,10.0,1,3.1092
3,1,5,100,10.0,2,2.9017
3,1,5,100,10.0,3,2.7688
3,1,5,100,10.0,6,2.793
3,1,5,100,100.0,1,3.2468
3,1,5,100,100.0,2,2.9723
3,1,5,100,100.0,3,2.7954
3,1,5,100,100.0,6,2.8977
3,1,5,100,1000.0,1,3.3642
3,1,5,100,1000.0,2,2.9514
3,1,5,100,1000.0,3,2.8439
3,1,5,100,1000.0,6,2.8622
3,1,5,100,10000.0,1,4.9578
3,1,5,100,10000.0,2,4.2659
3,1,5,100,10000.0,3,4.111000000000001
3,1,5,100,10000.0,6,5.4977
3,1,5,100,100000.0,1,14.145999999999999
3,1,5,100,100000.0,2,11.509
3,1,5,100,100000.0,3,10.765
3,1,5,100,100000.0,6,10.769
3,1,5,100,1000000.0,1,135.64
3,1,5,100,1000000.0,2,93.78
3,1,5,100,1000000.0,3,76.76
3,1,5,100,1000000.0,6,79.792
3,1,5,1000,10.0,1,3.1948
3,1,5,1000,10.0,2,2.9809
3,1,5,1000,10.0,3,2.8734
3,1,5,1000,10.0,6,2.9512
3,1,5,1000,100.0,1,3.1913
3,1,5,1000,100.0,2,2.9723
3,1,5,1000,100.0,3,2.952
3,1,5,1000,100.0,6,2.9517
3,1,5,1000,1000.0,1,3.2994
3,1,5,1000,1000.0,2,2.926
3,1,5,1000,1000.0,3,2.8694
3,1,5,1000,1000.0,6,2.9547
3,1,5,1000,10000.0,1,4.6896
3,1,5,1000,10000.0,2,4.0723
3,1,5,1000,10000.0,3,3.9526
3,1,5,1000,10000.0,6,4.1576
3,1,5,1000,100000.0,1,14.536
3,1,5,1000,100000.0,2,11.458
3,1,5,1000,100000.0,3,10.753
3,1,5,1000,100000.0,6,11.647
3,1,5,1000,1000000.0,1,135.21
3,1,5,1000,1000000.0,2,92.113
3,1,5,1000,1000000.0,3,77.652
3,1,5,1000,1000000.0,6,76.274
3,10,2,10,10.0,1,6.9264
3,10,2,10,10.0,2,5.9644
3,10,2,10,10.0,3,4.8184
3,10,2,10,10.0,6,5.1575
3,10,2,10,100.0,1,6.7868
3,10,2,10,100.0,2,6.2983
3,10,2,10,100.0,3,4.8063
3,10,2,10,100.0,6,5.569
3,10,2,10,1000.0,1,7.7213
3,10,2,10,1000.0,2,6.6201
3,10,2,10,1000.0,3,5.2241
3,10,2,10,1000.0,6,5.4667
3,10,2,10,10000.0,1,12.183
3,10,2,10,10000.0,2,8.2397
3,10,2,10,10000.0,3,6.0207
3,10,2,10,10000.0,6,6.4351
3,10,2,10,100000.0,1,48.997
3,10,2,10,100000.0,2,30.491
3,10,2,10,100000.0,3,20.502
3,10,2,10,100000.0,6,20.525
3,10,2,10,1000000.0,1,489.4
3,10,2,10,1000000.0,2,303.92
3,10,2,10,1000000.0,3,198.05
3,10,2,10,1000000.0,6,192.06
3,10,2,100,10.0,1,6.523
3,10,2,100,10.0,2,6.2707
3,10,2,100,10.0,3,4.5098
3,10,2,100,10.0,6,4.781000000000001
3,10,2,100,100.0,1,6.6408
3,10,2,100,100.0,2,7.0178
3,10,2,100,100.0,3,5.0207
3,10,2,100,100.0,6,5.4144
3,10,2,100,1000.0,1,7.1207
3,10,2,100,1000.0,2,6.1868
3,10,2,100,1000.0,3,5.154
3,10,2,100,1000.0,6,5.369
3,10,2,100,10000.0,1,12.183
3,10,2,100,10000.0,2,9.2856
3,10,2,100,10000.0,3,6.3489
3,10,2,100,10000.0,6,6.2471
3,10,2,100,100000.0,1,49.608999999999995
3,10,2,100,100000.0,2,31.209
3,10,2,100,100000.0,3,20.92
3,10,2,100,100000.0,6,20.31
3,10,2,100,1000000.0,1,467.89
3,10,2,100,1000000.0,2,303.0
3,10,2,100,1000000.0,3,189.17
3,10,2,100,1000000.0,6,201.22
3,10,2,1000,10.0,1,7.0287
3,10,2,1000,10.0,2,6.0425
3,10,2,1000,10.0,3,5.3287
3,10,2,1000,10.0,6,5.4603
3,10,2,1000,100.0,1,6.8161
3,10,2,1000,100.0,2,6.5385
3,10,2,1000,100.0,3,5.0224
3,10,2,1000,100.0,6,5.4224
3,10,2,1000,1000.0,1,7.4914
3,10,2,1000,1000.0,2,7.4264
3,10,2,1000,1000.0,3,5.3167
3,10,2,1000,1000.0,6,5.3943
3,10,2,1000,10000.0,1,11.808
3,10,2,1000,10000.0,2,8.8224
3,10,2,1000,10000.0,3,6.1437
3,10,2,1000,10000.0,6,6.2672
3,10,2,1000,100000.0,1,49.433
3,10,2,1000,100000.0,2,31.136
3,10,2,1000,100000.0,3,22.024
3,10,2,1000,100000.0,6,21.191999999999997
3,10,2,1000,1000000.0,1,480.11
3,10,2,1000,1000000.0,2,299.1
3,10,2,1000,1000000.0,3,191.66
3,10,2,1000,1000000.0,6,197.52
3,10,3,10,10.0,1,9.6397
3,10,3,10,10.0,2,8.331
3,10,3,10,10.0,3,7.7322
3,10,3,10,10.0,6,7.1324
3,10,3,10,100.0,1,9.092
3,10,3,10,100.0,2,8.8305
3,10,3,10,100.0,3,7.9879
3,10,3,10,100.0,6,7.0468
3,10,3,10,1000.0,1,9.808
3,10,3,10,1000.0,2,9.3661
3,10,3,10,1000.0,3,8.096
3,10,3,10,1000.0,6,7.3867
3,10,3,10,10000.0,1,15.937000000000001
3,10,3,10,10000.0,2,13.305
3,10,3,10,10000.0,3,10.087
3,10,3,10,10000.0,6,9.9445
3,10,3,10,100000.0,1,87.601
3,10,3,10,100000.0,2,56.828
3,10,3,10,100000.0,3,39.465
3,10,3,10,100000.0,6,42.218
3,10,3,10,1000000.0,1,864.13
3,10,3,10,1000000.0,2,546.11
3,10,3,10,1000000.0,3,380.78
3,10,3,10,1000000.0,6,373.46
3,10,3,100,10.0,1,9.0489
3,10,3,100,10.0,2,8.5557
3,10,3,100,10.0,3,7.5793
3,10,3,100,10.0,6,7.3867
3,10,3,100,100.0,1,8.9092
3,10,3,100,100.0,2,8.7213
3,10,3,100,100.0,3,7.6247
3,10,3,100,100.0,6,7.3671
3,10,3,100,1000.0,1,10.797
3,10,3,100,1000.0,2,9.2707
3,10,3,100,1000.0,3,8.4879
3,10,3,100,1000.0,6,7.822
3,10,3,100,10000.0,1,15.634
3,10,3,100,10000.0,2,12.554
3,10,3,100,10000.0,3,10.118
3,10,3,100,10000.0,6,10.219
3,10,3,100,100000.0,1,90.29700000000001
3,10,3,100,100000.0,2,58.025
3,10,3,100,100000.0,3,40.043
3,10,3,100,100000.0,6,40.092
3,10,3,100,1000000.0,1,869.61
3,10,3,100,1000000.0,2,572.47
3,10,3,100,1000000.0,3,389.53
3,10,3,100,1000000.0,6,374.71
3,10,3,1000,10.0,1,9.0856
3,10,3,1000,10.0,2,9.4098
3,10,3,1000,10.0,3,8.4747
3,10,3,1000,10.0,6,7.2156
3,10,3,1000,100.0,1,9.6069
3,10,3,1000,100.0,2,9.3638
3,10,3,1000,100.0,3,8.0
3,10,3,1000,100.0,6,7.4087
3,10,3,1000,1000.0,1,10.459000000000001
3,10,3,1000,1000.0,2,8.9937
3,10,3,1000,1000.0,3,8.2701
3,10,3,1000,1000.0,6,7.8867
3,10,3,1000,10000.0,1,15.775
3,10,3,1000,10000.0,2,12.132
3,10,3,1000,10000.0,3,10.263
3,10,3,1000,10000.0,6,10.177
3,10,3,1000,100000.0,1,87.456
3,10,3,1000,100000.0,2,57.953
3,10,3,1000,100000.0,3,40.117
3,10,3,1000,100000.0,6,41.25899999999999
3,10,3,1000,1000000.0,1,857.45
3,10,3,1000,1000000.0,2,522.71
3,10,3,1000,1000000.0,3,379.57
3,10,3,1000,1000000.0,6,376.11
3,10,4,10,10.0,1,10.859000000000002
3,10,4,10,10.0,2,10.345999999999998
3,10,4,10,10.0,3,8.7936
3,10,4,10,10.0,6,9.5052
3,10,4,10,100.0,1,10.850999999999999
3,10,4,10,100.0,2,10.11
3,10,4,10,100.0,3,9.0301
3,10,4,10,100.0,6,9.3628
3,10,4,10,1000.0,1,12.26
3,10,4,10,1000.0,2,10.565999999999999
3,10,4,10,1000.0,3,9.5075
3,10,4,10,1000.0,6,9.8424
3,10,4,10,10000.0,1,18.237000000000002
3,10,4,10,10000.0,2,15.872
3,10,4,10,10000.0,3,13.655999999999999
3,10,4,10,10000.0,6,13.085
3,10,4,10,100000.0,1,111.37
3,10,4,10,100000.0,2,82.35799999999999
3,10,4,10,100000.0,3,60.045
3,10,4,10,100000.0,6,59.512
3,10,4,10,1000000.0,1,1111.8
3,10,4,10,1000000.0,2,810.6
3,10,4,10,1000000.0,3,563.02
3,10,4,10,1000000.0,6,573.95
3,10,4,100,10.0,1,10.545
3,10,4,100,10.0,2,10.068
3,10,4,100,10.0,3,9.5069
3,10,4,100,10.0,6,9.1326
3,10,4,100,100.0,1,10.168
3,10,4,100,100.0,2,10.225
3,10,4,100,100.0,3,9.8145
3,10,4,100,100.0,6,9.7122
3,10,4,100,1000.0,1,11.107999999999999
3,10,4,100,1000.0,2,11.193
3,10,4,100,1000.0,3,10.057
3,10,4,100,1000.0,6,9.9343
3,10,4,100,10000.0,1,18.576
3,10,4,100,10000.0,2,17.048
3,10,4,100,10000.0,3,13.295
3,10,4,100,10000.0,6,14.44
3,10,4,100,100000.0,1,118.91
3,10,4,100,100000.0,2,84.10600000000001
3,10,4,100,100000.0,3,61.643
3,10,4,100,100000.0,6,63.543
3,10,4,100,1000000.0,1,1086.0
3,10,4,100,1000000.0,2,818.48
3,10,4,100,1000000.0,3,557.98
3,10,4,100,1000000.0,6,571.33
3,10,4,1000,10.0,1,10.534
3,10,4,1000,10.0,2,10.377
3,10,4,1000,10.0,3,9.0075
3,10,4,1000,10.0,6,9.8465
3,10,4,1000,100.0,1,11.142999999999999
3,10,4,1000,100.0,2,11.384
3,10,4,1000,100.0,3,9.7087
3,10,4,1000,100.0,6,9.5358
3,10,4,1000,1000.0,1,11.700999999999999
3,10,4,1000,1000.0,2,12.093
3,10,4,1000,1000.0,3,10.244000000000002
3,10,4,1000,1000.0,6,10.285
3,10,4,1000,10000.0,1,19.199
3,10,4,1000,10000.0,2,15.120999999999999
3,10,4,1000,10000.0,3,14.284
3,10,4,1000,10000.0,6,13.35
3,10,4,1000,100000.0,1,111.38
3,10,4,1000,100000.0,2,81.683
3,10,4,1000,100000.0,3,62.416000000000004
3,10,4,1000,100000.0,6,60.286
3,10,4,1000,1000000.0,1,1083.4
3,10,4,1000,1000000.0,2,793.05
3,10,4,1000,1000000.0,3,578.27
3,10,4,1000,1000000.0,6,549.69
3,10,5,10,10.0,1,14.267999999999999
3,10,5,10,10.0,2,12.075999999999999
3,10,5,10,10.0,3,11.052
3,10,5,10,10.0,6,11.62
3,10,5,10,100.0,1,14.325999999999999
3,10,5,10,100.0,2,11.629000000000001
3,10,5,10,100.0,3,11.715
3,10,5,10,100.0,6,11.602
3,10,5,10,1000.0,1,16.54
3,10,5,10,1000.0,2,12.652999999999999
3,10,5,10,1000.0,3,11.82
3,10,5,10,1000.0,6,12.315
3,10,5,10,10000.0,1,25.351999999999997
3,10,5,10,10000.0,2,18.805999999999997
3,10,5,10,10000.0,3,16.892
3,10,5,10,10000.0,6,18.588
3,10,5,10,100000.0,1,142.65
3,10,5,10,100000.0,2,93.875
3,10,5,10,100000.0,3,79.039
3,10,5,10,100000.0,6,79.702
3,10,5,10,1000000.0,1,1413.7
3,10,5,10,1000000.0,2,910.16
3,10,5,10,1000000.0,3,783.59
3,10,5,10,1000000.0,6,753.24
3,10,5,100,10.0,1,14.761
3,10,5,100,10.0,2,12.370999999999999
3,10,5,100,10.0,3,11.109000000000002
3,10,5,100,10.0,6,11.501
3,10,5,100,100.0,1,14.795
3,10,5,100,100.0,2,12.523
3,10,5,100,100.0,3,10.972999999999999
3,10,5,100,100.0,6,11.465
3,10,5,100,1000.0,1,16.771
3,10,5,100,1000.0,2,13.171
3,10,5,100,1000.0,3,11.995999999999999
3,10,5,100,1000.0,6,11.957
3,10,5,100,10000.0,1,25.945
3,10,5,100,10000.0,2,18.381
3,10,5,100,10000.0,3,16.641
3,10,5,100,10000.0,6,16.454
3,10,5,100,100000.0,1,144.33
3,10,5,100,100000.0,2,95.351
3,10,5,100,100000.0,3,79.357
3,10,5,100,100000.0,6,79.577
3,10,5,100,1000000.0,1,1473.6
3,10,5,100,1000000.0,2,932.06
3,10,5,100,1000000.0,3,715.64
3,10,5,100,1000000.0,6,780.56
3,10,5,1000,10.0,1,14.642000000000001
3,10,5,1000,10.0,2,11.658
3,10,5,1000,10.0,3,11.665999999999999
3,10,5,1000,10.0,6,11.855
3,10,5,1000,100.0,1,14.995999999999999
3,10,5,1000,100.0,2,11.988
3,10,5,1000,100.0,3,11.574000000000002
3,10,5,1000,100.0,6,12.885
3,10,5,1000,1000.0,1,15.960999999999999
3,10,5,1000,1000.0,2,13.377
3,10,5,1000,1000.0,3,11.665
3,10,5,1000,1000.0,6,12.412
3,10,5,1000,10000.0,1,24.785
3,10,5,1000,10000.0,2,17.737000000000002
3,10,5,1000,10000.0,3,17.52
3,10,5,1000,10000.0,6,17.575
3,10,5,1000,100000.0,1,144.75
3,10,5,1000,100000.0,2,101.51
3,10,5,1000,100000.0,3,81.90899999999999
3,10,5,1000,100000.0,6,81.628
3,10,5,1000,1000000.0,1,1404.8
3,10,5,1000,1000000.0,2,936.32
3,10,5,1000,1000000.0,3,729.63
3,10,5,1000,1000000.0,6,791.7
3,100,2,10,10.0,1,63.67
3,100,2,10,10.0,2,57.744
3,100,2,10,10.0,3,40.832
3,100,2,10,10.0,6,37.868
3,100,2,10,100.0,1,65.516
3,100,2,10,100.0,2,56.235
3,100,2,10,100.0,3,35.473
3,100,2,10,100.0,6,44.95
3,100,2,10,1000.0,1,70.708
3,100,2,10,1000.0,2,61.864
3,100,2,10,1000.0,3,45.994
3,100,2,10,1000.0,6,39.429
3,100,2,10,10000.0,1,116.88
3,100,2,10,10000.0,2,82.553
3,100,2,10,10000.0,3,48.625
3,100,2,10,10000.0,6,49.728
3,100,2,10,100000.0,1,501.57
3,100,2,10,100000.0,2,621.72
3,100,2,10,100000.0,3,424.11
3,100,2,10,100000.0,6,203.88
3,100,2,10,1000000.0,1,4694.6
3,100,2,10,1000000.0,2,2713.7
3,100,2,10,1000000.0,3,1902.3
3,100,2,10,1000000.0,6,1900.9
3,100,2,100,10.0,1,66.965
3,100,2,100,10.0,2,54.518
3,100,2,100,10.0,3,46.375
3,100,2,100,10.0,6,43.29
3,100,2,100,100.0,1,64.097
3,100,2,100,100.0,2,55.303999999999995
3,100,2,100,100.0,3,45.52
3,100,2,100,100.0,6,45.538000000000004
3,100,2,100,1000.0,1,69.421
3,100,2,100,1000.0,2,60.49100000000001
3,100,2,100,1000.0,3,40.505
3,100,2,100,1000.0,6,47.157
3,100,2,100,10000.0,1,121.34
3,100,2,100,10000.0,2,89.056
3,100,2,100,10000.0,3,66.61
3,100,2,100,10000.0,6,51.45
3,100,2,100,100000.0,1,516.47
3,100,2,100,100000.0,2,305.45
3,100,2,100,100000.0,3,208.08
3,100,2,100,100000.0,6,204.67
3,100,2,100,1000000.0,1,4854.5
3,100,2,100,1000000.0,2,2973.8
3,100,2,100,1000000.0,3,1923.8
3,100,2,100,1000000.0,6,1900.6
3,100,2,1000,10.0,1,62.036
3,100,2,1000,10.0,2,56.099
3,100,2,1000,10.0,3,42.473
3,100,2,1000,10.0,6,41.486999999999995
3,100,2,1000,100.0,1,65.39
3,100,2,1000,100.0,2,55.928999999999995
3,100,2,1000,100.0,3,43.173
3,100,2,1000,100.0,6,44.88399999999999
3,100,2,1000,1000.0,1,69.51100000000001
3,100,2,1000,1000.0,2,58.175
3,100,2,1000,1000.0,3,34.405
3,100,2,1000,1000.0,6,45.239
3,100,2,1000,10000.0,1,119.1
3,100,2,1000,10000.0,2,81.19800000000001
3,100,2,1000,10000.0,3,61.88
3,100,2,1000,10000.0,6,51.341
3,100,2,1000,100000.0,1,515.19
3,100,2,1000,100000.0,2,313.31
3,100,2,1000,100000.0,3,212.7
3,100,2,1000,100000.0,6,206.16
3,100,2,1000,1000000.0,1,4313.3
3,100,2,1000,1000000.0,2,2908.3
3,100,2,1000,1000000.0,3,1939.6
3,100,2,1000,1000000.0,6,1916.9
3,100,3,10,10.0,1,79.991
3,100,3,10,10.0,2,74.579
3,100,3,10,10.0,3,66.47
3,100,3,10,10.0,6,61.611999999999995
3,100,3,10,100.0,1,83.34899999999999
3,100,3,10,100.0,2,77.243
3,100,3,10,100.0,3,70.783
3,100,3,10,100.0,6,64.13
3,100,3,10,1000.0,1,96.57799999999999
3,100,3,10,1000.0,2,79.959
3,100,3,10,1000.0,3,71.83800000000001
3,100,3,10,1000.0,6,70.58
3,100,3,10,10000.0,1,155.18
3,100,3,10,10000.0,2,113.36
3,100,3,10,10000.0,3,85.87200000000001
3,100,3,10,10000.0,6,83.867
3,100,3,10,100000.0,1,869.77
3,100,3,10,100000.0,2,601.94
3,100,3,10,100000.0,3,398.42
3,100,3,10,100000.0,6,413.98
3,100,3,10,1000000.0,1,8361.0
3,100,3,10,1000000.0,2,5851.0
3,100,3,10,1000000.0,3,3752.8
3,100,3,10,1000000.0,6,3711.5
3,100,3,100,10.0,1,83.12299999999999
3,100,3,100,10.0,2,74.35600000000001
3,100,3,100,10.0,3,67.904
3,100,3,100,10.0,6,64.797
3,100,3,100,100.0,1,81.73100000000001
3,100,3,100,100.0,2,77.423
3,100,3,100,100.0,3,71.605
3,100,3,100,100.0,6,68.305
3,100,3,100,1000.0,1,102.36
3,100,3,100,1000.0,2,88.58200000000001
3,100,3,100,1000.0,3,71.616
3,100,3,100,1000.0,6,70.214
3,100,3,100,10000.0,1,166.67
3,100,3,100,10000.0,2,147.48
3,100,3,100,10000.0,3,93.78200000000001
3,100,3,100,10000.0,6,101.36
3,100,3,100,100000.0,1,900.77
3,100,3,100,100000.0,2,627.14
3,100,3,100,100000.0,3,421.51
3,100,3,100,100000.0,6,428.3
3,100,3,100,1000000.0,1,8491.6
3,100,3,100,1000000.0,2,5938.4
3,100,3,100,1000000.0,3,3699.9
3,100,3,100,1000000.0,6,3845.5
3,100,3,1000,10.0,1,86.322
3,100,3,1000,10.0,2,81.663
3,100,3,1000,10.0,3,70.571
3,100,3,1000,10.0,6,67.001
3,100,3,1000,100.0,1,85.09899999999999
3,100,3,1000,100.0,2,84.85600000000001
3,100,3,1000,100.0,3,70.35
3,100,3,1000,100.0,6,65.51
3,100,3,1000,1000.0,1,99.882
3,100,3,1000,1000.0,2,101.16
3,100,3,1000,1000.0,3,78.39399999999999
3,100,3,1000,1000.0,6,73.395
3,100,3,1000,10000.0,1,162.89
3,100,3,1000,10000.0,2,124.77
3,100,3,1000,10000.0,3,89.572
3,100,3,1000,10000.0,6,87.853
3,100,3,1000,100000.0,1,873.28
3,100,3,1000,100000.0,2,611.3
3,100,3,1000,100000.0,3,417.85
3,100,3,1000,100000.0,6,410.97
3,100,3,1000,1000000.0,1,8354.5
3,100,3,1000,1000000.0,2,5695.1
3,100,3,1000,1000000.0,3,3700.4
3,100,3,1000,1000000.0,6,3837.2
3,100,4,10,10.0,1,85.537
3,100,4,10,10.0,2,81.87899999999999
3,100,4,10,10.0,3,80.783
3,100,4,10,10.0,6,79.66199999999999
3,100,4,10,100.0,1,92.705
3,100,4,10,100.0,2,82.009
3,100,4,10,100.0,3,79.564
3,100,4,10,100.0,6,79.541
3,100,4,10,1000.0,1,104.15
3,100,4,10,1000.0,2,91.866
3,100,4,10,1000.0,3,81.85300000000001
3,100,4,10,1000.0,6,85.76799999999999
3,100,4,10,10000.0,1,167.1
3,100,4,10,10000.0,2,149.22
3,100,4,10,10000.0,3,113.91
3,100,4,10,10000.0,6,111.4
3,100,4,10,100000.0,1,1117.9
3,100,4,10,100000.0,2,808.96
3,100,4,10,100000.0,3,601.61
3,100,4,10,100000.0,6,617.5
3,100,4,10,1000000.0,1,10395.0
3,100,4,10,1000000.0,2,7657.7
3,100,4,10,1000000.0,3,5637.2
3,100,4,10,1000000.0,6,5560.6
3,100,4,100,10.0,1,90.764
3,100,4,100,10.0,2,81.51100000000001
3,100,4,100,10.0,3,75.668
3,100,4,100,10.0,6,80.212
3,100,4,100,100.0,1,91.70700000000001
3,100,4,100,100.0,2,80.275
3,100,4,100,100.0,3,76.566
3,100,4,100,100.0,6,82.916
3,100,4,100,1000.0,1,99.32799999999999
3,100,4,100,1000.0,2,92.804
3,100,4,100,1000.0,3,84.55
3,100,4,100,1000.0,6,88.56200000000001
3,100,4,100,10000.0,1,169.39
3,100,4,100,10000.0,2,160.84
3,100,4,100,10000.0,3,118.09
3,100,4,100,10000.0,6,108.89
3,100,4,100,100000.0,1,1134.6
3,100,4,100,100000.0,2,798.82
3,100,4,100,100000.0,3,632.51
3,100,4,100,100000.0,6,599.99
3,100,4,100,1000000.0,1,10372.0
3,100,4,100,1000000.0,2,7489.8
3,100,4,100,1000000.0,3,5521.6
3,100,4,100,1000000.0,6,5506.6
3,100,4,1000,10.0,1,89.06700000000001
3,100,4,1000,10.0,2,91.124
3,100,4,1000,10.0,3,77.43
3,100,4,1000,10.0,6,82.60600000000001
3,100,4,1000,100.0,1,92.225
3,100,4,1000,100.0,2,87.64399999999999
3,100,4,1000,100.0,3,81.408
3,100,4,1000,100.0,6,81.456
3,100,4,1000,1000.0,1,103.45
3,100,4,1000,1000.0,2,89.414
3,100,4,1000,1000.0,3,80.81
3,100,4,1000,1000.0,6,91.295
3,100,4,1000,10000.0,1,167.73
3,100,4,1000,10000.0,2,143.45
3,100,4,1000,10000.0,3,119.97
3,100,4,1000,10000.0,6,110.79
3,100,4,1000,100000.0,1,1139.9
3,100,4,1000,100000.0,2,818.72
3,100,4,1000,100000.0,3,599.65
3,100,4,1000,100000.0,6,596.33
3,100,4,1000,1000000.0,1,10491.0
3,100,4,1000,1000000.0,2,7479.6
3,100,4,1000,1000000.0,3,5600.6
3,100,4,1000,1000000.0,6,5712.2
3,100,5,10,10.0,1,131.13
3,100,5,10,10.0,2,99.21600000000001
3,100,5,10,10.0,3,88.602
3,100,5,10,10.0,6,99.23299999999999
3,100,5,10,100.0,1,125.66
3,100,5,10,100.0,2,95.859
3,100,5,10,100.0,3,86.181
3,100,5,10,100.0,6,99.134
3,100,5,10,1000.0,1,153.73
3,100,5,10,1000.0,2,107.74
3,100,5,10,1000.0,3,92.603
3,100,5,10,1000.0,6,110.56
3,100,5,10,10000.0,1,238.37
3,100,5,10,10000.0,2,162.96
3,100,5,10,10000.0,3,133.34
3,100,5,10,10000.0,6,140.29
3,100,5,10,100000.0,1,1490.4
3,100,5,10,100000.0,2,939.43
3,100,5,10,100000.0,3,784.17
3,100,5,10,100000.0,6,781.49
3,100,5,10,1000000.0,1,14254.0
3,100,5,10,1000000.0,2,9200.8
3,100,5,10,1000000.0,3,7353.7
3,100,5,10,1000000.0,6,7479.8
3,100,5,100,10.0,1,137.63
3,100,5,100,10.0,2,96.46
3,100,5,100,10.0,3,86.352
3,100,5,100,10.0,6,98.42
3,100,5,100,100.0,1,132.06
3,100,5,100,100.0,2,95.759
3,100,5,100,100.0,3,91.816
3,100,5,100,100.0,6,100.18
3,100,5,100,1000.0,1,147.91
3,100,5,100,1000.0,2,108.76
3,100,5,100,1000.0,3,99.40100000000001
3,100,5,100,1000.0,6,106.25
3,100,5,100,10000.0,1,234.97
3,100,5,100,10000.0,2,175.76
3,100,5,100,10000.0,3,143.8
3,100,5,100,10000.0,6,143.89
3,100,5,100,100000.0,1,1492.6
3,100,5,100,100000.0,2,976.75
3,100,5,100,100000.0,3,819.86
3,100,5,100,100000.0,6,787.18
3,100,5,100,1000000.0,1,14215.0
3,100,5,100,1000000.0,2,9217.1
3,100,5,100,1000000.0,3,7229.1
3,100,5,100,1000000.0,6,7354.1
3,100,5,1000,10.0,1,133.39
3,100,5,1000,10.0,2,95.557
3,100,5,1000,10.0,3,91.225
3,100,5,1000,10.0,6,96.585
3,100,5,1000,100.0,1,134.5
3,100,5,1000,100.0,2,97.98700000000001
3,100,5,1000,100.0,3,94.26899999999999
3,100,5,1000,100.0,6,98.99700000000001
3,100,5,1000,1000.0,1,149.3
3,100,5,1000,1000.0,2,100.52
3,100,5,1000,1000.0,3,98.18700000000001
3,100,5,1000,1000.0,6,101.08
3,100,5,1000,10000.0,1,246.87
3,100,5,1000,10000.0,2,189.22
3,100,5,1000,10000.0,3,138.93
3,100,5,1000,10000.0,6,140.46
3,100,5,1000,100000.0,1,1506.6
3,100,5,1000,100000.0,2,973.49
3,100,5,1000,100000.0,3,814.4
3,100,5,1000,100000.0,6,795.86
3,100,5,1000,1000000.0,1,13840.0
3,100,5,1000,1000000.0,2,8381.4
3,100,5,1000,1000000.0,3,7778.8
3,100,5,1000,1000000.0,6,7469.4
3,1000,2,10,10.0,1,815.28
3,1000,2,10,10.0,2,483.31
3,1000,2,10,10.0,3,368.9
3,1000,2,10,10.0,6,307.1
3,1000,2,10,100.0,1,778.4
3,1000,2,10,100.0,2,523.1
3,1000,2,10,100.0,3,308.38
3,1000,2,10,100.0,6,347.26
3,1000,2,10,1000.0,1,802.12
3,1000,2,10,1000.0,2,523.45
3,1000,2,10,1000.0,3,309.35
3,1000,2,10,1000.0,6,347.13
3,1000,2,10,10000.0,1,1309.6
3,1000,2,10,10000.0,2,729.87
3,1000,2,10,10000.0,3,586.09
3,1000,2,10,10000.0,6,453.5
3,1000,2,10,100000.0,1,4891.7
3,1000,2,10,100000.0,2,3158.2
3,1000,2,10,100000.0,3,2098.9
3,1000,2,10,100000.0,6,2090.1
3,1000,2,10,1000000.0,1,19710.0
3,1000,2,10,1000000.0,2,24637.0
3,1000,2,10,1000000.0,3,18750.0
3,1000,2,10,1000000.0,6,18987.0
3,1000,2,100,10.0,1,818.97
3,1000,2,100,10.0,2,503.49
3,1000,2,100,10.0,3,375.32
3,1000,2,100,10.0,6,349.37
3,1000,2,100,100.0,1,766.9
3,1000,2,100,100.0,2,529.11
3,1000,2,100,100.0,3,395.65
3,1000,2,100,100.0,6,365.23
3,1000,2,100,1000.0,1,891.09
3,1000,2,100,1000.0,2,556.24
3,1000,2,100,1000.0,3,397.08
3,1000,2,100,1000.0,6,350.39
3,1000,2,100,10000.0,1,1363.4
3,1000,2,100,10000.0,2,809.82
3,1000,2,100,10000.0,3,516.68
3,1000,2,100,10000.0,6,390.34
3,1000,2,100,100000.0,1,5115.5
3,1000,2,100,100000.0,2,3260.3
3,1000,2,100,100000.0,3,2147.4
3,1000,2,100,100000.0,6,1967.4
3,1000,2,100,1000000.0,1,18522.0
3,1000,2,100,1000000.0,2,25599.0
3,1000,2,100,1000000.0,3,19035.0
3,1000,2,100,1000000.0,6,18621.0
3,1000,2,1000,10.0,1,852.39
3,1000,2,1000,10.0,2,558.73
3,1000,2,1000,10.0,3,398.72
3,1000,2,1000,10.0,6,375.83
3,1000,2,1000,100.0,1,904.04
3,1000,2,1000,100.0,2,506.14
3,1000,2,1000,100.0,3,338.19
3,1000,2,1000,100.0,6,390.48
3,1000,2,1000,1000.0,1,914.47
3,1000,2,1000,1000.0,2,587.36
3,1000,2,1000,1000.0,3,364.56
3,1000,2,1000,1000.0,6,400.82
3,1000,2,1000,10000.0,1,1434.9
3,1000,2,1000,10000.0,2,791.17
3,1000,2,1000,10000.0,3,558.07
3,1000,2,1000,10000.0,6,491.58
3,1000,2,1000,100000.0,1,4904.9
3,1000,2,1000,100000.0,2,3365.1
3,1000,2,1000,100000.0,3,2077.0
3,1000,2,1000,100000.0,6,1882.5
3,1000,2,1000,1000000.0,1,20730.0
3,1000,2,1000,1000000.0,2,23648.0
3,1000,2,1000,1000000.0,3,18999.0
3,1000,2,1000,1000000.0,6,19128.0
3,1000,3,10,10.0,1,935.18
3,1000,3,10,10.0,2,579.18
3,1000,3,10,10.0,3,531.43
3,1000,3,10,10.0,6,606.74
3,1000,3,10,100.0,1,931.92
3,1000,3,10,100.0,2,661.16
3,1000,3,10,100.0,3,543.43
3,1000,3,10,100.0,6,523.3
3,1000,3,10,1000.0,1,1038.0
3,1000,3,10,1000.0,2,738.05
3,1000,3,10,1000.0,3,535.11
3,1000,3,10,1000.0,6,592.81
3,1000,3,10,10000.0,1,1701.8
3,1000,3,10,10000.0,2,1379.7
3,1000,3,10,10000.0,3,715.68
3,1000,3,10,10000.0,6,806.79
3,1000,3,10,100000.0,1,8640.1
3,1000,3,10,100000.0,2,5726.0
3,1000,3,10,100000.0,3,4012.2
3,1000,3,10,100000.0,6,3897.3
3,1000,3,10,1000000.0,1,23065.0
3,1000,3,10,1000000.0,2,7730.9
3,1000,3,10,1000000.0,3,33587.0
3,1000,3,10,1000000.0,6,33931.0
3,1000,3,100,10.0,1,854.97
3,1000,3,100,10.0,2,642.1
3,1000,3,100,10.0,3,511.02
3,1000,3,100,10.0,6,588.37
3,1000,3,100,100.0,1,1072.6
3,1000,3,100,100.0,2,581.15
3,1000,3,100,100.0,3,513.05
3,1000,3,100,100.0,6,585.86
3,1000,3,100,1000.0,1,1012.1
3,1000,3,100,1000.0,2,611.45
3,1000,3,100,1000.0,3,533.44
3,1000,3,100,1000.0,6,565.88
3,1000,3,100,10000.0,1,1631.6
3,1000,3,100,10000.0,2,1254.7
3,1000,3,100,10000.0,3,752.99
3,1000,3,100,10000.0,6,741.87
3,1000,3,100,100000.0,1,8433.8
3,1000,3,100,100000.0,2,5891.6
3,1000,3,100,100000.0,3,4031.0
3,1000,3,100,100000.0,6,3844.4
3,1000,3,100,1000000.0,1,25848.0
3,1000,3,100,1000000.0,2,13105.0
3,1000,3,100,1000000.0,3,34123.0
3,1000,3,100,1000000.0,6,32416.0
3,1000,3,1000,10.0,1,909.16
3,1000,3,1000,10.0,2,680.18
3,1000,3,1000,10.0,3,499.04
3,1000,3,1000,10.0,6,534.32
3,1000,3,1000,100.0,1,909.62
3,1000,3,1000,100.0,2,602.32
3,1000,3,1000,100.0,3,546.37
3,1000,3,1000,100.0,6,621.48
3,1000,3,1000,1000.0,1,1071.9
3,1000,3,1000,1000.0,2,764.86
3,1000,3,1000,1000.0,3,553.93
3,1000,3,1000,1000.0,6,591.71
3,1000,3,1000,10000.0,1,1696.9
3,1000,3,1000,10000.0,2,1184.2
3,1000,3,1000,10000.0,3,760.78
3,1000,3,1000,10000.0,6,800.7
3,1000,3,1000,100000.0,1,8407.1
3,1000,3,1000,100000.0,2,5733.7
3,1000,3,1000,100000.0,3,3933.4
3,1000,3,1000,100000.0,6,4088.1
3,1000,3,1000,1000000.0,1,22520.0
3,1000,3,1000,1000000.0,2,12962.0
3,1000,3,1000,1000000.0,3,31945.0
3,1000,3,1000,1000000.0,6,31758.0
3,1000,4,10,10.0,1,903.13
3,1000,4,10,10.0,2,654.87
3,1000,4,10,10.0,3,599.01
3,1000,4,10,10.0,6,694.25
3,1000,4,10,100.0,1,974.41
3,1000,4,10,100.0,2,619.26
3,1000,4,10,100.0,3,600.18
3,1000,4,10,100.0,6,1029.4
3,1000,4,10,1000.0,1,1060.5
3,1000,4,10,1000.0,2,673.18
3,1000,4,10,1000.0,3,651.18
3,1000,4,10,1000.0,6,923.63
3,1000,4,10,10000.0,1,1723.8
3,1000,4,10,10000.0,2,1310.8
3,1000,4,10,10000.0,3,986.56
3,1000,4,10,10000.0,6,1112.9
3,1000,4,10,100000.0,1,10892.0
3,1000,4,10,100000.0,2,7927.7
3,1000,4,10,100000.0,3,5823.4
3,1000,4,10,100000.0,6,5825.4
3,1000,4,10,1000000.0,1,19767.0
3,1000,4,10,1000000.0,3,30829.0
3,1000,4,10,1000000.0,6,34884.0
3,1000,4,100,10.0,1,1030.4
3,1000,4,100,10.0,2,687.85
3,1000,4,100,10.0,3,597.86
3,1000,4,100,10.0,6,876.55
3,1000,4,100,100.0,1,968.04
3,1000,4,100,100.0,2,614.2
3,1000,4,100,100.0,3,710.73
3,1000,4,100,100.0,6,715.57
3,1000,4,100,1000.0,1,1125.3
3,1000,4,100,1000.0,2,691.81
3,1000,4,100,1000.0,3,693.77
3,1000,4,100,1000.0,6,1098.4
3,1000,4,100,10000.0,1,1796.6
3,1000,4,100,10000.0,2,1393.2
3,1000,4,100,10000.0,3,984.07
3,1000,4,100,10000.0,6,1442.8
3,1000,4,100,100000.0,1,10843.0
3,1000,4,100,100000.0,2,7671.8
3,1000,4,100,100000.0,3,5826.9
3,1000,4,100,100000.0,6,5880.9
3,1000,4,100,1000000.0,1,20207.0
3,1000,4,100,1000000.0,2,19778.0
3,1000,4,100,1000000.0,3,39750.0
3,1000,4,100,1000000.0,6,40499.0
3,1000,4,1000,10.0,1,941.69
3,1000,4,1000,10.0,2,691.82
3,1000,4,1000,10.0,3,664.83
3,1000,4,1000,10.0,6,749.4
3,1000,4,1000,100.0,1,927.16
3,1000,4,1000,100.0,2,636.8
3,1000,4,1000,100.0,3,665.21
3,1000,4,1000,100.0,6,935.26
3,1000,4,1000,1000.0,1,1120.6
3,1000,4,1000,1000.0,2,708.33
3,1000,4,1000,1000.0,3,707.88
3,1000,4,1000,1000.0,6,909.67
3,1000,4,1000,10000.0,1,1633.4
3,1000,4,1000,10000.0,2,1303.2
3,1000,4,1000,10000.0,3,923.77
3,1000,4,1000,10000.0,6,1303.6
3,1000,4,1000,100000.0,1,10872.0
3,1000,4,1000,100000.0,2,7674.8
3,1000,4,1000,100000.0,3,5806.3
3,1000,4,1000,100000.0,6,5883.9
3,1000,4,1000,1000000.0,1,16413.0
3,1000,4,1000,1000000.0,2,17808.0
3,1000,4,1000,1000000.0,3,28609.0
3,1000,5,10,10.0,2,721.64
3,1000,5,10,10.0,3,764.64
3,1000,5,10,10.0,6,1501.3
3,1000,5,10,100.0,1,1247.8
3,1000,5,10,100.0,2,772.67
3,1000,5,10,100.0,3,756.82
3,1000,5,10,100.0,6,1688.2
3,1000,5,10,1000.0,1,1244.3
3,1000,5,10,1000.0,2,762.22
3,1000,5,10,1000.0,3,943.94
3,1000,5,10,1000.0,6,1552.2
3,1000,5,10,10000.0,1,2197.0
3,1000,5,10,10000.0,2,1577.2
3,1000,5,10,10000.0,3,1216.6
3,1000,5,10,10000.0,6,1662.5
3,1000,5,10,100000.0,1,14805.0
3,1000,5,10,100000.0,2,9501.5
3,1000,5,10,100000.0,3,7672.6
3,1000,5,10,100000.0,6,7825.4
3,1000,5,10,1000000.0,1,4617.4
3,1000,5,10,1000000.0,2,28991.0
3,1000,5,100,10.0,1,1164.8
3,1000,5,100,10.0,2,725.66
3,1000,5,100,10.0,3,791.93
3,1000,5,100,10.0,6,1037.2
3,1000,5,100,100.0,1,1119.6
3,1000,5,100,100.0,2,736.03
3,1000,5,100,100.0,3,738.13
3,1000,5,100,100.0,6,1054.2
3,1000,5,100,1000.0,1,1406.0
3,1000,5,100,1000.0,2,814.81
3,1000,5,100,1000.0,3,874.43
3,1000,5,100,1000.0,6,1451.5
3,1000,5,100,10000.0,1,2441.4
3,1000,5,100,10000.0,2,1557.0
3,1000,5,100,10000.0,3,1353.4
3,1000,5,100,10000.0,6,2015.4
3,1000,5,100,100000.0,1,14530.0
3,1000,5,100,100000.0,2,9394.3
3,1000,5,100,100000.0,3,7656.1
3,1000,5,100,100000.0,6,7819.4
3,1000,5,100,1000000.0,1,8286.5
3,1000,5,100,1000000.0,2,14833.0
3,1000,5,100,1000000.0,3,18805.0
3,1000,5,100,1000000.0,6,25472.0
3,1000,5,1000,10.0,1,1379.2
3,1000,5,1000,10.0,2,774.51
3,1000,5,1000,10.0,3,821.59
3,1000,5,1000,10.0,6,1814.0
3,1000,5,1000,100.0,1,1227.6
3,1000,5,1000,100.0,2,817.44
3,1000,5,1000,100.0,3,882.88
3,1000,5,1000,100.0,6,1429.5
3,1000,5,1000,1000.0,1,1524.2
3,1000,5,1000,1000.0,2,861.19
3,1000,5,1000,1000.0,3,868.67
3,1000,5,1000,1000.0,6,1143.9
3,1000,5,1000,10000.0,1,2456.3
3,1000,5,1000,10000.0,2,1662.1
3,1000,5,1000,10000.0,3,1380.9
3,1000,5,1000,10000.0,6,1843.9
3,1000,5,1000,100000.0,1,14298.0
3,1000,5,1000,100000.0,2,9362.3
3,1000,5,1000,100000.0,3,7711.9
3,1000,5,1000,100000.0,6,7771.6
3,1000,5,1000,1000000.0,1,11491.0
3,1000,5,1000,1000000.0,2,12813.0
3,1000,5,1000,1000000.0,3,19128.0
3,1000,5,1000,1000000.0,6,25930.0
3,10000,2,10,10.0,1,6810.1
3,10000,2,10,10.0,2,3550.1
3,10000,2,10,10.0,3,1340.3
3,10000,2,10,10.0,6,2242.6
3,10000,2,10,100.0,1,6140.3
3,10000,2,10,100.0,2,3840.3
3,10000,2,10,100.0,3,1288.4
3,10000,2,10,100.0,6,1603.0
3,10000,2,10,1000.0,1,7506.0
3,10000,2,10,1000.0,2,4374.0
3,10000,2,10,1000.0,3,1176.0
3,10000,2,10,1000.0,6,3538.8
3,10000,2,10,10000.0,1,10695.0
3,10000,2,10,10000.0,2,6749.7
3,10000,2,10,10000.0,3,4727.9
3,10000,2,10,10000.0,6,3344.3
3,10000,2,10,100000.0,1,26321.0
3,10000,2,10,100000.0,2,22622.0
3,10000,2,10,100000.0,3,17792.0
3,10000,2,10,100000.0,6,17110.0
3,10000,2,10,1000000.0,1,5120.0
3,10000,2,10,1000000.0,6,2553.0
3,10000,2,100,10.0,1,9233.3
3,10000,2,100,10.0,2,3235.0
3,10000,2,100,10.0,3,1160.3
3,10000,2,100,10.0,6,1434.4
3,10000,2,100,100.0,1,6924.5
3,10000,2,100,100.0,2,4013.7
3,10000,2,100,100.0,3,1442.0
3,10000,2,100,100.0,6,1695.3
3,10000,2,100,1000.0,1,7369.5
3,10000,2,100,1000.0,2,4302.9
3,10000,2,100,1000.0,3,1560.2
3,10000,2,100,1000.0,6,3207.2
3,10000,2,100,10000.0,1,10372.0
3,10000,2,100,10000.0,2,6700.0
3,10000,2,100,10000.0,3,5606.3
3,10000,2,100,10000.0,6,4575.1
3,10000,2,100,100000.0,1,27621.0
3,10000,2,100,100000.0,2,12671.0
3,10000,2,100,100000.0,3,17673.0
3,10000,2,100,100000.0,6,17563.0
3,10000,2,100,1000000.0,1,6218.1
3,10000,2,100,1000000.0,3,5701.9
3,10000,2,1000,10.0,1,6634.7
3,10000,2,1000,10.0,2,4036.6
3,10000,2,1000,10.0,3,1697.4
3,10000,2,1000,10.0,6,3360.4
3,10000,2,1000,100.0,1,6846.8
3,10000,2,1000,100.0,2,3890.0
3,10000,2,1000,100.0,3,1459.2
3,10000,2,1000,100.0,6,1555.4
3,10000,2,1000,1000.0,1,7893.2
3,10000,2,1000,1000.0,2,4537.2
3,10000,2,1000,1000.0,3,1799.2
3,10000,2,1000,1000.0,6,3206.8
3,10000,2,1000,10000.0,1,10347.0
3,10000,2,1000,10000.0,2,7280.8
3,10000,2,1000,10000.0,3,5507.0
3,10000,2,1000,10000.0,6,3866.4
3,10000,2,1000,100000.0,1,24439.0
3,10000,2,1000,100000.0,2,11328.0
3,10000,2,1000,100000.0,3,12966.0
3,10000,2,1000,100000.0,6,16142.0
3,10000,2,1000,1000000.0,1,7348.8
3,10000,3,10,10.0,1,7182.4
3,10000,3,10,10.0,2,5354.8
3,10000,3,10,10.0,3,4403.2
3,10000,3,10,10.0,6,6524.1
3,10000,3,10,100.0,1,7616.3
3,10000,3,10,100.0,2,5465.8
3,10000,3,10,100.0,3,4431.3
3,10000,3,10,100.0,6,5333.2
3,10000,3,10,1000.0,1,9094.2
3,10000,3,10,1000.0,2,5849.8
3,10000,3,10,1000.0,3,4653.6
3,10000,3,10,1000.0,6,5776.7
3,10000,3,10,10000.0,1,13943.0
3,10000,3,10,10000.0,2,9669.4
3,10000,3,10,10000.0,3,8243.9
3,10000,3,10,10000.0,6,9597.3
3,10000,3,10,100000.0,1,18652.0
3,10000,3,10,100000.0,2,19820.0
3,10000,3,10,100000.0,3,5143.6
3,10000,3,10,100000.0,6,32660.0
3,10000,3,10,1000000.0,1,3649.7
3,10000,3,10,1000000.0,2,6470.0
3,10000,3,10,1000000.0,6,7018.3
3,10000,3,100,10.0,1,7290.3
3,10000,3,100,10.0,2,5454.7
3,10000,3,100,10.0,3,4891.7
3,10000,3,100,10.0,6,4806.1
3,10000,3,100,100.0,1,7580.0
3,10000,3,100,100.0,2,5221.6
3,10000,3,100,100.0,3,4065.6
3,10000,3,100,100.0,6,4968.0
3,10000,3,100,1000.0,1,8607.8
3,10000,3,100,1000.0,2,6358.8
3,10000,3,100,1000.0,3,5181.5
3,10000,3,100,1000.0,6,6592.1
3,10000,3,100,10000.0,1,14334.0
3,10000,3,100,10000.0,2,10402.0
3,10000,3,100,10000.0,3,7150.3
3,10000,3,100,10000.0,6,9672.4
3,10000,3,100,100000.0,1,24684.0
3,10000,3,100,100000.0,2,15439.0
3,10000,3,100,100000.0,3,32272.0
3,10000,3,100,100000.0,6,30524.0
3,10000,3,100,1000000.0,1,4989.2
3,10000,3,100,1000000.0,2,6903.7
3,10000,3,1000,10.0,1,7327.2
3,10000,3,1000,10.0,2,5706.3
3,10000,3,1000,10.0,3,4555.8
3,10000,3,1000,10.0,6,5924.4
3,10000,3,1000,100.0,1,7389.1
3,10000,3,1000,100.0,2,5568.3
3,10000,3,1000,100.0,3,4637.5
3,10000,3,1000,100.0,6,6156.2
3,10000,3,1000,1000.0,1,9039.7
3,10000,3,1000,1000.0,2,5449.9
3,10000,3,1000,1000.0,3,4659.6
3,10000,3,1000,1000.0,6,7623.5
3,10000,3,1000,10000.0,1,13755.0
3,10000,3,1000,10000.0,2,10445.0
3,10000,3,1000,10000.0,3,9669.6
3,10000,3,1000,10000.0,6,8748.3
3,10000,3,1000,100000.0,1,23830.0
3,10000,3,1000,100000.0,2,15294.0
3,10000,3,1000,100000.0,3,31107.0
3,10000,3,1000,100000.0,6,31354.0
3,10000,3,1000,1000000.0,2,8193.3
3,10000,4,10,10.0,1,7681.7
3,10000,4,10,10.0,2,6058.8
3,10000,4,10,10.0,3,6465.0
3,10000,4,10,10.0,6,15111.0
3,10000,4,10,100.0,1,7740.7
3,10000,4,10,100.0,2,7015.7
3,10000,4,10,100.0,3,6477.3
3,10000,4,10,100.0,6,12860.0
3,10000,4,10,1000.0,1,10565.0
3,10000,4,10,1000.0,2,7316.4
3,10000,4,10,1000.0,3,7070.1
3,10000,4,10,1000.0,6,17845.0
3,10000,4,10,10000.0,1,15341.0
3,10000,4,10,10000.0,2,13531.0
3,10000,4,10,10000.0,3,9905.7
3,10000,4,10,10000.0,6,16394.0
3,10000,4,10,100000.0,1,27744.0
3,10000,4,10,100000.0,2,33774.0
3,10000,4,10,100000.0,3,83.486
3,10000,4,10,100000.0,6,36025.0
3,10000,4,100,10.0,1,9633.7
3,10000,4,100,10.0,2,7109.0
3,10000,4,100,10.0,3,6875.0
3,10000,4,100,10.0,6,12051.0
3,10000,4,100,100.0,1,7788.7
3,10000,4,100,100.0,2,6970.8
3,10000,4,100,100.0,3,6105.9
3,10000,4,100,100.0,6,13428.0
3,10000,4,100,1000.0,1,9598.9
3,10000,4,100,1000.0,2,7995.0
3,10000,4,100,1000.0,3,8261.2
3,10000,4,100,1000.0,6,13759.0
3,10000,4,100,10000.0,1,16895.0
3,10000,4,100,10000.0,2,14211.0
3,10000,4,100,10000.0,3,10978.0
3,10000,4,100,10000.0,6,15186.0
3,10000,4,100,100000.0,1,19516.0
3,10000,4,100,100000.0,2,19474.0
3,10000,4,100,100000.0,3,34395.0
3,10000,4,100,100000.0,6,25842.0
3,10000,4,1000,10.0,1,8961.5
3,10000,4,1000,10.0,2,7490.3
3,10000,4,1000,10.0,3,6882.0
3,10000,4,1000,10.0,6,11577.0
3,10000,4,1000,100.0,1,8374.5
3,10000,4,1000,100.0,2,7991.1
3,10000,4,1000,100.0,3,6822.4
3,10000,4,1000,100.0,6,19213.0
3,10000,4,1000,1000.0,1,9624.9
3,10000,4,1000,1000.0,2,9120.7
3,10000,4,1000,1000.0,3,7751.4
3,10000,4,1000,1000.0,6,14369.0
3,10000,4,1000,10000.0,1,19417.0
3,10000,4,1000,10000.0,2,11272.0
3,10000,4,1000,10000.0,3,9684.2
3,10000,4,1000,10000.0,6,14058.0
3,10000,4,1000,100000.0,1,22130.0
3,10000,4,1000,100000.0,2,30405.0
3,10000,4,1000,100000.0,3,33080.0
3,10000,4,1000,100000.0,6,27699.0
3,10000,4,1000,1000000.0,1,6541.0
3,10000,4,1000,1000000.0,3,4649.8
3,10000,4,1000,1000000.0,6,5450.2
3,10000,5,10,10.0,1,10800.0
3,10000,5,10,10.0,2,10105.0
3,10000,5,10,10.0,3,10678.0
3,10000,5,10,10.0,6,22455.0
3,10000,5,10,100.0,1,12483.0
3,10000,5,10,100.0,2,7277.2
3,10000,5,10,100.0,3,9000.3
3,10000,5,10,100.0,6,26686.0
3,10000,5,10,1000.0,1,13445.0
3,10000,5,10,1000.0,2,8566.8
3,10000,5,10,1000.0,3,11737.0
3,10000,5,10,1000.0,6,26245.0
3,10000,5,10,10000.0,1,21103.0
3,10000,5,10,10000.0,2,13878.0
3,10000,5,10,10000.0,3,14318.0
3,10000,5,10,10000.0,6,25060.0
3,10000,5,10,100000.0,1,31827.0
3,10000,5,10,100000.0,2,32544.0
3,10000,5,10,100000.0,3,28553.0
3,10000,5,10,100000.0,6,25762.0
3,10000,5,10,1000000.0,1,5579.6
3,10000,5,10,1000000.0,2,2134.1
3,10000,5,10,1000000.0,6,2669.7
3,10000,5,100,10.0,1,15071.0
3,10000,5,100,10.0,2,7830.3
3,10000,5,100,10.0,3,9030.9
3,10000,5,100,10.0,6,19472.0
3,10000,5,100,100.0,1,11518.0
3,10000,5,100,100.0,2,7658.4
3,10000,5,100,100.0,3,8914.9
3,10000,5,100,100.0,6,22790.0
3,10000,5,100,1000.0,1,13473.0
3,10000,5,100,1000.0,2,9140.4
3,10000,5,100,1000.0,3,9735.7
3,10000,5,100,1000.0,6,21734.0
3,10000,5,100,10000.0,1,19946.0
3,10000,5,100,10000.0,2,13705.0
3,10000,5,100,10000.0,3,13945.0
3,10000,5,100,10000.0,6,25483.0
3,10000,5,100,100000.0,1,18230.0
3,10000,5,100,100000.0,2,29122.0
3,10000,5,100,1000000.0,2,3258.3
3,10000,5,1000,10.0,1,11396.0
3,10000,5,1000,10.0,2,7667.8
3,10000,5,1000,10.0,3,9058.8
3,10000,5,1000,10.0,6,25256.0
3,10000,5,1000,100.0,1,11416.0
3,10000,5,1000,100.0,2,7741.3
3,10000,5,1000,100.0,3,9441.9
3,10000,5,1000,100.0,6,26258.0
3,10000,5,1000,1000.0,1,13275.0
3,10000,5,1000,1000.0,2,8307.5
3,10000,5,1000,1000.0,3,9271.0
3,10000,5,1000,1000.0,6,19459.0
3,10000,5,1000,10000.0,1,23048.0
3,10000,5,1000,10000.0,2,15268.0
3,10000,5,1000,10000.0,3,12888.0
3,10000,5,1000,10000.0,6,26640.0
3,10000,5,1000,100000.0,1,17670.0
3,10000,5,1000,100000.0,2,33087.0
3,10000,5,1000,100000.0,3,27211.0
3,10000,5,1000,100000.0,6,27221.0
3,10000,5,1000,1000000.0,3,5962.0
3,10000,5,1000,1000000.0,6,2119.5
